dataset,column,family,data_type,null_count,null_pct,exact_unique_nonnull,min,max,mean,median,std,top1_value,top1_share_of_nonnull,mask_group,fraud_rate_if_null,fraud_rate_if_present,auc_nonnull,treatment,treatment_reason,description,potential_feature_role,v_redundant_with_at_r098
ieee,TransactionID,core,int32,0,0.0,590540,2987000.0,3577539.0,3282269.5,3282269.5,170474.2139833764,2987003,0.0001693365394384,MG00,,,0.5222541859807152,EXCLUDE_IDENTIFIER,Primary key; join key only. Never a model feature.,Unique transaction key (join key to identity table),identifier,
ieee,isFraud,core,int32,0,0.0,2,0.0,1.0,0.0349900091441731,0.0,0.1837544785964788,0,96.50099908558268,MG00,,,1.0,TARGET,Label.,Target label (1 = fraud),target,
ieee,TransactionDT,core,int32,0,0.0,573349,86400.0,15811131.0,7372311.310116165,7306527.5,4617219.7372146575,9474817,0.0013546923155078,MG00,,,0.522254188273637,DERIVE_TIME_FEATURES,Seconds since an undisclosed reference; use for ordering/splits and derive hour/day features; do not feed raw to ML (monotone drift proxy).,Timedelta in seconds from an undisclosed reference datetime (not a real timestamp),time,
ieee,TransactionAmt,core,double,0,0.0,20902,0.251,31937.391,135.02717637247264,68.769,239.16231951887912,59.0,5.178650049107596,MG00,,,0.4975250536642422,1_KEEP_IMPUTE,Negligible sparsity; median impute (or leave NaN for tree models).,Transaction payment amount (USD per competition description),numeric-continuous; log1p; amount decimals,
ieee,ProductCD,core,string,0,0.0,5,,,,,,W,74.45219629491652,MG00,,,,3_KEEP_CATEGORICAL,Low-cardinality: label/one-hot; encode NaN as explicit MISSING level,Product code of the transaction (C/H/R/S/W),categorical-low-card,
ieee,card1,card,int32,0,0.0,13553,1000.0,18396.0,9898.734658109526,9678.0,4901.166003757176,7919,2.528533206895384,MG00,,,0.4789012843178676,3_KEEP_CATEGORICAL,High-cardinality: frequency encode / train-only target-encode; never one-hot,Payment-card attribute (masked; competition lists as categorical),categorical-high-card / entity proxy,
ieee,card2,card,double,8933,1.5126833068039425,500,100.0,600.0,362.5554884999665,361.0,157.79311065717755,321.0,8.413757055881376,MG08,4.735251315347588,3.480013136017964,0.5055329824691562,3_KEEP_CATEGORICAL,High-cardinality: frequency encode / train-only target-encode; never one-hot,Payment-card attribute (masked; categorical),categorical-high-card,
ieee,card3,card,double,1565,0.2650116842212212,114,100.0,231.0,153.19492508170975,150.0,11.336434366327849,150.0,88.507491829025,MG04,2.492012779552716,3.501676641623159,0.6321803938898874,3_KEEP_CATEGORICAL,Low-cardinality: label/one-hot; encode NaN as explicit MISSING level,Payment-card attribute (masked; categorical),categorical-mid-card,
ieee,card4,card,string,1577,0.267043722694483,4,,,,,,visa,65.3295707879782,MG06,2.599873176918199,3.5014084076588854,,3_KEEP_CATEGORICAL,Low-cardinality: label/one-hot; encode NaN as explicit MISSING level,Card network (visa / mastercard / american express / discover),categorical-low-card,
ieee,card5,card,double,4259,0.7212043214684865,119,100.0,237.0,199.2788969794348,226.0,41.244417790361645,226.0,50.58086480714879,MG07,4.930734914299132,3.4886001763659404,0.4478358459503416,3_KEEP_CATEGORICAL,Low-cardinality: label/one-hot; encode NaN as explicit MISSING level,Payment-card attribute (masked; categorical),categorical-mid-card,
ieee,card6,card,string,1571,0.2660277034578521,4,,,,,,debit,74.69629131584175,MG05,2.48249522597072,3.5017123142304603,,3_KEEP_CATEGORICAL,Low-cardinality: label/one-hot; encode NaN as explicit MISSING level,Card type (debit / credit / charge card / debit or credit),categorical-low-card,
ieee,addr1,addr,double,65706,11.12642666034477,332,100.0,540.0,290.73379392341195,299.0,101.74097483121874,299.0,8.828505775159384,MG09,11.781268072930937,2.462111829645183,0.512328635626167,3_KEEP_CATEGORICAL,High-cardinality: frequency encode / train-only target-encode; never one-hot,"Address attribute (masked, region-like; categorical)",categorical-mid-card,
ieee,addr2,addr,double,65706,11.12642666034477,74,10.0,102.0,86.80063029453122,87.0,2.6906209227421143,87.0,99.17059489286136,MG09,11.781268072930937,2.462111829645183,0.4924983463883691,3_KEEP_CATEGORICAL,Low-cardinality: label/one-hot; encode NaN as explicit MISSING level,"Address attribute (masked, country-like; categorical); 87 = 99.2% of non-null",categorical (dominant level),
ieee,dist1,dist,double,352271,59.6523520845328,2651,0.0,10286.0,118.50218030881064,8.0,371.87124612860094,0.0,8.320008058119184,MG28,4.515841497029276,1.9956435793158152,0.542875848260509,2_KEEP_MISSING_INDICATOR,59.7% null; fraud rate 4.52% if null vs 2.00% if present (2.5pp gap). Use block-level indicator (MG28).,Distance-type feature (masked),numeric-continuous,
ieee,dist2,dist,double,552913,93.62837403054831,1751,0.0,11623.0,231.85542296754988,37.0,529.0464632687305,7.0,15.1141467563186,MG63,3.0623262610935176,9.915751986605365,0.4902387856477698,2_KEEP_MISSING_INDICATOR,93.6% null; fraud rate 3.06% if null vs 9.92% if present (6.9pp gap). Use block-level indicator (MG63).,Distance-type feature (masked),numeric-continuous,
ieee,P_emaildomain,email,string,94456,15.99485216920107,59,,,,,,gmail.com,46.03151885567767,MG15,2.953756246294571,3.602817264818055,,3_KEEP_CATEGORICAL,High-cardinality: frequency encode / train-only target-encode; never one-hot,Purchaser email domain,categorical-high-card (domain / provider-group / TLD splits),
ieee,R_emaildomain,email,string,453249,76.75161716395164,60,,,,,,gmail.com,41.62472412612626,MG41,2.081857875031164,8.177520740616647,,3_KEEP_CATEGORICAL,High-cardinality: frequency encode / train-only target-encode; never one-hot,Recipient email domain,categorical-high-card,
ieee,C1,C,double,0,0.0,1657,0.0,4685.0,14.092457750533413,1.0,133.56890490878058,1.0,53.64429166525553,MG00,,,0.6131052317846492,1_KEEP_IMPUTE,Negligible sparsity; median impute (or leave NaN for tree models).,Counting feature (masked; Vesta: e.g. number of addresses linked to the card),numeric-count; heavy tail -> log1p,
ieee,C2,C,double,0,0.0,1216,0.0,5691.0,15.26973448030616,1.0,154.66876825957925,1.0,53.554543299353135,MG00,,,0.6288810034959984,1_KEEP_IMPUTE,Negligible sparsity; median impute (or leave NaN for tree models).,Counting feature (masked; Vesta: e.g. number of addresses linked to the card),numeric-count; heavy tail -> log1p,
ieee,C3,C,double,0,0.0,27,0.0,26.0,0.0056439868594845,0.0,0.1505354943609003,0.0,99.58868154570392,MG00,,,0.4979941524888765,1_KEEP_IMPUTE,Near-constant (99.59% one value) BUT minority rows n=2429 have fraud rate 0.21% (0.06x base) - keep; consider binary 'is_minority' flag.,Counting feature (masked; Vesta: e.g. number of addresses linked to the card),numeric-count; heavy tail -> log1p,
ieee,C4,C,double,0,0.0,1260,0.0,2253.0,4.092185118704914,0.0,68.8484002661897,0.0,76.52030345107868,MG00,,,0.6876954862768905,1_KEEP_IMPUTE,Negligible sparsity; median impute (or leave NaN for tree models).,Counting feature (masked; Vesta: e.g. number of addresses linked to the card),numeric-count; heavy tail -> log1p,
ieee,C5,C,double,0,0.0,319,0.0,349.0,5.57152606089342,0.0,25.786953988168765,0.0,63.06685406577032,MG00,,,0.3575823824130461,1_KEEP_IMPUTE,Negligible sparsity; median impute (or leave NaN for tree models).,Counting feature (masked; Vesta: e.g. number of addresses linked to the card),numeric-count; heavy tail -> log1p,
ieee,C6,C,double,0,0.0,1328,0.0,2253.0,9.07108239916009,1.0,71.5084068420218,1.0,57.837233718291735,MG00,,,0.5732415144875368,1_KEEP_IMPUTE,Negligible sparsity; median impute (or leave NaN for tree models).,Counting feature (masked; Vesta: e.g. number of addresses linked to the card),numeric-count; heavy tail -> log1p,
ieee,C7,C,double,0,0.0,1103,0.0,2255.0,2.848477664510448,0.0,61.72725125283294,0.0,88.58705591492533,MG00,,,0.6474387200047708,1_KEEP_IMPUTE,Negligible sparsity; median impute (or leave NaN for tree models).,Counting feature (masked; Vesta: e.g. number of addresses linked to the card),numeric-count; heavy tail -> log1p,
ieee,C8,C,double,0,0.0,1253,0.0,3331.0,5.144574457276391,0.0,95.37849289369596,0.0,75.80638060080604,MG00,,,0.6831832044131763,1_KEEP_IMPUTE,Negligible sparsity; median impute (or leave NaN for tree models).,Counting feature (masked; Vesta: e.g. number of addresses linked to the card),numeric-count; heavy tail -> log1p,
ieee,C9,C,double,0,0.0,205,0.0,210.0,4.480240119212924,1.0,16.67488258789849,1.0,38.76756866596674,MG00,,,0.3599718298954822,1_KEEP_IMPUTE,Negligible sparsity; median impute (or leave NaN for tree models).,Counting feature (masked; Vesta: e.g. number of addresses linked to the card),numeric-count; heavy tail -> log1p,
ieee,C10,C,double,0,0.0,1231,0.0,3257.0,5.240342737155824,0.0,95.58136203522032,0.0,76.78429911606327,MG00,,,0.6779219540533424,1_KEEP_IMPUTE,Negligible sparsity; median impute (or leave NaN for tree models).,Counting feature (masked; Vesta: e.g. number of addresses linked to the card),numeric-count; heavy tail -> log1p,
ieee,C11,C,double,0,0.0,1476,0.0,3188.0,10.241521319470316,1.0,94.33621195740332,1.0,65.98909472686016,MG00,,,0.6044810745514735,1_KEEP_IMPUTE,Negligible sparsity; median impute (or leave NaN for tree models).,Counting feature (masked; Vesta: e.g. number of addresses linked to the card),numeric-count; heavy tail -> log1p,
ieee,C12,C,double,0,0.0,1199,0.0,3188.0,4.076226843228231,0.0,86.66614429534246,0.0,82.83926575676499,MG00,,,0.663460432640351,1_KEEP_IMPUTE,Negligible sparsity; median impute (or leave NaN for tree models).,Counting feature (masked; Vesta: e.g. number of addresses linked to the card),numeric-count; heavy tail -> log1p,
ieee,C13,C,double,0,0.0,1597,0.0,2918.0,32.539917702441834,3.0,129.36473491456772,1.0,33.755037762048296,MG00,,,0.3844938978207095,1_KEEP_IMPUTE,Negligible sparsity; median impute (or leave NaN for tree models).,Counting feature (masked; Vesta: e.g. number of addresses linked to the card),numeric-count; heavy tail -> log1p,
ieee,C14,C,double,0,0.0,1108,0.0,1429.0,8.29521454939547,1.0,49.54422047044205,1.0,54.219697226267485,MG00,,,0.410511916048749,1_KEEP_IMPUTE,Negligible sparsity; median impute (or leave NaN for tree models).,Counting feature (masked; Vesta: e.g. number of addresses linked to the card),numeric-count; heavy tail -> log1p,
ieee,D1,D,double,1269,0.2148880685474311,641,0.0,640.0,94.34756843625428,3.0,157.66025274505245,0.0,47.53839914063309,MG03,3.624901497241922,3.498729786464972,0.4050319073814246,1_KEEP_IMPUTE,Negligible sparsity; median impute (or leave NaN for tree models).,Timedelta-type feature (masked; Vesta: e.g. days since previous transaction),numeric-timedelta,
ieee,D2,D,double,280797,47.54919226470688,641,0.0,640.0,169.56323145317248,97.0,177.31557871121606,0.0,4.8827576410120646,MG22,4.555960355701807,2.540816095924686,0.296048974641595,2_KEEP_MISSING_INDICATOR,47.5% null; fraud rate 4.56% if null vs 2.54% if present (2.0pp gap). Use block-level indicator (MG22).,Timedelta-type feature (masked; Vesta: e.g. days since previous transaction),numeric-timedelta,
ieee,D3,D,double,262878,44.51485081450876,649,0.0,819.0,28.34334771807533,8.0,62.38462617323588,0.0,22.30774395566163,MG19,4.201188383965185,2.9356470997552355,0.2988713425642457,1_KEEP_IMPUTE,44.5% null; missingness weakly informative (1.3pp).,Timedelta-type feature (masked; Vesta: e.g. days since previous transaction),numeric-timedelta,
ieee,D4,D,double,168922,28.604666915026925,808,-122.0,869.0,140.0024405978872,26.0,191.0965469031113,0.0,39.50756371881656,MG16,3.608766176104948,3.4550232675075545,0.4101552646394656,1_KEEP_IMPUTE,28.6% null; missingness weakly informative (0.2pp).,Timedelta-type feature (masked; Vesta: e.g. days since previous transaction),numeric-timedelta,
ieee,D5,D,double,309841,52.46740271615809,688,0.0,819.0,42.33596485915518,10.0,88.99998580657855,0.0,23.29078479082576,MG24,3.157425905545102,3.876038033623205,0.2546057112728402,1_KEEP_IMPUTE,52.5% null; missingness weakly informative (0.7pp).,Timedelta-type feature (masked; Vesta: e.g. days since previous transaction),numeric-timedelta,
ieee,D6,D,double,517353,87.60676668811597,829,-83.0,873.0,69.80571686228429,0.0,143.6682714175787,0.0,62.55482531050596,MG56,2.5021600338646923,10.545588697446268,0.5154626303496183,2_KEEP_MISSING_INDICATOR,87.6% null; fraud rate 2.50% if null vs 10.55% if present (8.0pp gap). Use block-level indicator (MG56).,Timedelta-type feature (masked; Vesta: e.g. days since previous transaction),numeric-timedelta,
ieee,D7,D,double,551623,93.40992989467269,597,0.0,843.0,41.63894955931855,0.0,99.74198204492876,0.0,54.30788601382429,MG62,2.6962255018373056,14.877816892360665,0.352183143190025,2_KEEP_MISSING_INDICATOR,93.4% null; fraud rate 2.70% if null vs 14.88% if present (12.2pp gap). Use block-level indicator (MG62).,Timedelta-type feature (masked; Vesta: e.g. days since previous transaction),numeric-timedelta,
ieee,D8,D,double,515614,87.31229044603245,12353,0.0,1707.7916259765625,146.0581076468787,37.875,231.6622940129501,0.7916659712791443,1.8031124042388489,MG54,2.489459169068334,10.446307022929291,0.3144228031160431,5_NEEDS_INVESTIGATION,"Non-integer; null mask identical to D9/id_09/id_10 (74,926 rows, all inside identity rows) - coupling to identity table unexplained",Timedelta-type feature (masked; Vesta: e.g. days since previous transaction),numeric-timedelta,
ieee,D9,D,double,515614,87.31229044603245,24,0.0,0.9583330154418944,0.5610571265961662,0.6666659712791443,0.3168774510735865,0.7916659712791443,7.1910952139444255,MG54,2.489459169068334,10.446307022929291,0.4768725704949436,5_NEEDS_INVESTIGATION,Range 0-0.958 (fraction-like); mask identical to D8/id_09/id_10,Timedelta-type feature (masked; Vesta: e.g. days since previous transaction),numeric-timedelta,
ieee,D10,D,double,76022,12.873302401192127,818,0.0,876.0,123.9821366793776,15.0,182.61504707262927,0.0,43.13357355816512,MG10,5.111678198416248,3.260721685149985,0.3658296487757713,1_KEEP_IMPUTE,12.9% null; missingness weakly informative (1.9pp).,Timedelta-type feature (masked; Vesta: e.g. days since previous transaction),numeric-timedelta,
ieee,D11,D,double,279287,47.29349409015477,676,-53.0,670.0,146.6214654959149,43.0,186.0423231532614,0.0,36.0738691675261,MG21,5.212201069151088,1.9617481598570936,0.4305065072292387,2_KEEP_MISSING_INDICATOR,47.3% null; fraud rate 5.21% if null vs 1.96% if present (3.3pp gap). Use block-level indicator (MG21).,Timedelta-type feature (masked; Vesta: e.g. days since previous transaction),numeric-timedelta,
ieee,D12,D,double,525823,89.04104717715988,635,-83.0,648.0,54.03753264211876,0.0,124.27359823799414,0.0,66.06610318772502,MG58,2.484676402515676,11.74034643138588,0.5422553461016013,2_KEEP_MISSING_INDICATOR,89.0% null; fraud rate 2.48% if null vs 11.74% if present (9.3pp gap). Use block-level indicator (MG58).,Timedelta-type feature (masked; Vesta: e.g. days since previous transaction),numeric-timedelta,
ieee,D13,D,double,528588,89.50926270870728,577,0.0,847.0,17.901294550619834,0.0,67.61387932254107,0.0,78.83522727272727,MG60,2.615647725638872,11.03596332644628,0.488365254237052,2_KEEP_MISSING_INDICATOR,89.5% null; fraud rate 2.62% if null vs 11.04% if present (8.4pp gap). Use block-level indicator (MG60).,Timedelta-type feature (masked; Vesta: e.g. days since previous transaction),numeric-timedelta,
ieee,D14,D,double,528353,89.46946862193924,802,-193.0,878.0,57.72444401563028,0.0,136.31135429594585,0.0,72.79013298599386,MG59,2.5456465658376124,11.598887227233988,0.5495512880769907,2_KEEP_MISSING_INDICATOR,89.5% null; fraud rate 2.55% if null vs 11.60% if present (9.1pp gap). Use block-level indicator (MG59).,Timedelta-type feature (masked; Vesta: e.g. days since previous transaction),numeric-timedelta,
ieee,D15,D,double,89113,15.090087038981272,859,-83.0,879.0,163.744578971615,52.0,202.72645775113017,0.0,34.75002343312187,MG13,4.7984020288846745,3.2680729198866434,0.3720707762499169,1_KEEP_IMPUTE,15.1% null; missingness weakly informative (1.5pp).,Timedelta-type feature (masked; Vesta: e.g. days since previous transaction),numeric-timedelta,
ieee,M1,M,string,271100,45.90713584177194,2,,,,,,T,99.99217380415728,MG20,5.282552563629657,1.98534936138242,,3_KEEP_CATEGORICAL,Low-cardinality: label/one-hot; encode NaN as explicit MISSING level,Match flag (masked; Vesta: e.g. name/address match),categorical-binary (T/F) or M0/M1/M2,
ieee,M2,M,string,271100,45.90713584177194,2,,,,,,T,89.36513899323816,MG20,5.282552563629657,1.98534936138242,,3_KEEP_CATEGORICAL,Low-cardinality: label/one-hot; encode NaN as explicit MISSING level,Match flag (masked; Vesta: e.g. name/address match),categorical-binary (T/F) or M0/M1/M2,
ieee,M3,M,string,271100,45.90713584177194,2,,,,,,T,78.80384422739795,MG20,5.282552563629657,1.98534936138242,,3_KEEP_CATEGORICAL,Low-cardinality: label/one-hot; encode NaN as explicit MISSING level,Match flag (masked; Vesta: e.g. name/address match),categorical-binary (T/F) or M0/M1/M2,
ieee,M4,M,string,281444,47.658753005723575,3,,,,,,M0,63.54174754768745,MG23,1.8572078282002813,4.993917747237105,,3_KEEP_CATEGORICAL,Low-cardinality: label/one-hot; encode NaN as explicit MISSING level,Match flag (masked; Vesta: e.g. name/address match),categorical-binary (T/F) or M0/M1/M2,
ieee,M5,M,string,350482,59.34940901547736,2,,,,,,F,55.191245449016485,MG27,3.735997854383392,3.152988027893259,,3_KEEP_CATEGORICAL,Low-cardinality: label/one-hot; encode NaN as explicit MISSING level,Match flag (masked; Vesta: e.g. name/address match),categorical-binary (T/F) or M0/M1/M2,
ieee,M6,M,string,169360,28.678836319300977,2,,,,,,F,54.09943492093642,MG18,7.06837505904582,2.063725722968802,,3_KEEP_CATEGORICAL,Low-cardinality: label/one-hot; encode NaN as explicit MISSING level,Match flag (masked; Vesta: e.g. name/address match),categorical-binary (T/F) or M0/M1/M2,
ieee,M7,M,string,346265,58.63531682866529,2,,,,,,F,86.5311636475284,MG26,4.576263844165595,1.971957834407942,,3_KEEP_CATEGORICAL,Low-cardinality: label/one-hot; encode NaN as explicit MISSING level,Match flag (masked; Vesta: e.g. name/address match),categorical-binary (T/F) or M0/M1/M2,
ieee,M8,M,string,346252,58.633115453652586,2,,,,,,F,63.552446292900186,MG25,4.576435659577418,1.9718528949436729,,3_KEEP_CATEGORICAL,Low-cardinality: label/one-hot; encode NaN as explicit MISSING level,Match flag (masked; Vesta: e.g. name/address match),categorical-binary (T/F) or M0/M1/M2,
ieee,M9,M,string,346252,58.633115453652586,2,,,,,,T,84.18587896253602,MG25,4.576435659577418,1.9718528949436729,,3_KEEP_CATEGORICAL,Low-cardinality: label/one-hot; encode NaN as explicit MISSING level,Match flag (masked; Vesta: e.g. name/address match),categorical-binary (T/F) or M0/M1/M2,
ieee,V1,V,double,279287,47.29349409015477,2,0.0,1.0,0.9999453820525424,1.0,0.0073901937956558,1.0,99.99453820525424,MG21,5.212201069151088,1.9617481598570936,0.5000278554270565,4_DROP_LOW_INFO,"Near-constant (99.995% one value); only 17 minority rows. Its missingness is captured by the block indicator, not by this column.",Vesta-engineered feature (masked: ranking/counting/entity relations),numeric (count/flag-like),
ieee,V2,V,double,279287,47.29349409015477,9,0.0,8.0,1.0452043835722065,1.0,0.2401325024611581,1.0,96.02927521983725,MG21,5.212201069151088,1.9617481598570936,0.5123541599117439,2_KEEP_MISSING_INDICATOR,47.3% null; fraud rate 5.21% if null vs 1.96% if present (3.3pp gap). Use block-level indicator (MG21).,Vesta-engineered feature (masked: ranking/counting/entity relations),numeric (count/flag-like),
ieee,V3,V,double,279287,47.29349409015477,10,0.0,9.0,1.0780747494803262,1.0,0.3208893094595135,1.0,93.35910015325152,MG21,5.212201069151088,1.9617481598570936,0.538363305261547,2_KEEP_MISSING_INDICATOR,47.3% null; fraud rate 5.21% if null vs 1.96% if present (3.3pp gap). Use block-level indicator (MG21).,Vesta-engineered feature (masked: ranking/counting/entity relations),numeric (count/flag-like),
ieee,V4,V,double,279287,47.29349409015477,7,0.0,6.0,0.8464560984151157,1.0,0.4400525797738079,1.0,79.19602381342509,MG21,5.212201069151088,1.9617481598570936,0.5145924455298236,2_KEEP_MISSING_INDICATOR,47.3% null; fraud rate 5.21% if null vs 1.96% if present (3.3pp gap). Use block-level indicator (MG21).,Vesta-engineered feature (masked: ranking/counting/entity relations),numeric (count/flag-like),
ieee,V5,V,double,279287,47.29349409015477,7,0.0,6.0,0.8769907438643162,1.0,0.4759017318258941,1.0,78.03394666075508,MG21,5.212201069151088,1.9617481598570936,0.5385033115079766,2_KEEP_MISSING_INDICATOR,47.3% null; fraud rate 5.21% if null vs 1.96% if present (3.3pp gap). Use block-level indicator (MG21).,Vesta-engineered feature (masked: ranking/counting/entity relations),numeric (count/flag-like),
ieee,V6,V,double,279287,47.29349409015477,10,0.0,9.0,1.0456863066380082,1.0,0.2393845442278775,1.0,95.94349291412452,MG21,5.212201069151088,1.9617481598570936,0.5067536669280586,2_KEEP_MISSING_INDICATOR,47.3% null; fraud rate 5.21% if null vs 1.96% if present (3.3pp gap). Use block-level indicator (MG21).,Vesta-engineered feature (masked: ranking/counting/entity relations),numeric (count/flag-like),
ieee,V7,V,double,279287,47.29349409015477,10,0.0,9.0,1.072869980369667,1.0,0.3047783172555632,1.0,93.64889655682032,MG21,5.212201069151088,1.9617481598570936,0.5198875831691074,2_KEEP_MISSING_INDICATOR,47.3% null; fraud rate 5.21% if null vs 1.96% if present (3.3pp gap). Use block-level indicator (MG21).,Vesta-engineered feature (masked: ranking/counting/entity relations),numeric (count/flag-like),
ieee,V8,V,double,279287,47.29349409015477,9,0.0,8.0,1.0277041506427247,1.0,0.1860690655891218,1.0,97.49817672440103,MG21,5.212201069151088,1.9617481598570936,0.5079645898565278,2_KEEP_MISSING_INDICATOR,47.3% null; fraud rate 5.21% if null vs 1.96% if present (3.3pp gap). Use block-level indicator (MG21).,Vesta-engineered feature (masked: ranking/counting/entity relations),numeric (count/flag-like),
ieee,V9,V,double,279287,47.29349409015477,9,0.0,8.0,1.0415289169903583,1.0,0.2263383651171559,1.0,96.26413239390465,MG21,5.212201069151088,1.9617481598570936,0.5268842239047532,2_KEEP_MISSING_INDICATOR,47.3% null; fraud rate 5.21% if null vs 1.96% if present (3.3pp gap). Use block-level indicator (MG21).,Vesta-engineered feature (masked: ranking/counting/entity relations),numeric (count/flag-like),
ieee,V10,V,double,279287,47.29349409015477,5,0.0,4.0,0.4639152072429824,0.0,0.5215212462318528,0.0,54.70822771186141,MG21,5.212201069151088,1.9617481598570936,0.3610113066692461,2_KEEP_MISSING_INDICATOR,47.3% null; fraud rate 5.21% if null vs 1.96% if present (3.3pp gap). Use block-level indicator (MG21).,Vesta-engineered feature (masked: ranking/counting/entity relations),numeric (count/flag-like),
ieee,V11,V,double,279287,47.29349409015477,6,0.0,5.0,0.4789865479208232,0.0,0.5524298890050378,0.0,54.50003694743504,MG21,5.212201069151088,1.9617481598570936,0.3614536278370744,2_KEEP_MISSING_INDICATOR,47.3% null; fraud rate 5.21% if null vs 1.96% if present (3.3pp gap). Use block-level indicator (MG21).,Vesta-engineered feature (masked: ranking/counting/entity relations),numeric (count/flag-like),
ieee,V12,V,double,76073,12.881938564703493,4,0.0,3.0,0.5597113128733233,1.0,0.5105325056972787,1.0,54.62021859516742,MG11,5.109565811786047,3.260850550181061,0.4200993060296751,1_KEEP_IMPUTE,12.9% null; missingness weakly informative (1.8pp).,Vesta-engineered feature (masked: ranking/counting/entity relations),numeric (count/flag-like),
ieee,V13,V,double,76073,12.881938564703493,7,0.0,6.0,0.5991657385216156,1.0,0.5321845771144652,1.0,55.91106912591089,MG11,5.109565811786047,3.260850550181061,0.4229994262526761,1_KEEP_IMPUTE,12.9% null; missingness weakly informative (1.8pp).,Vesta-engineered feature (masked: ranking/counting/entity relations),numeric (count/flag-like),
ieee,V14,V,double,76073,12.881938564703493,2,0.0,1.0,0.9995004538677894,1.0,0.0223449454211106,1.0,99.95004538677894,MG11,5.109565811786047,3.260850550181061,0.5001349558441138,4_DROP_LOW_INFO,"Near-constant (99.950% one value); only 257 minority rows. Its missingness is captured by the block indicator, not by this column.",Vesta-engineered feature (masked: ranking/counting/entity relations),numeric (count/flag-like),
ieee,V15,V,double,76073,12.881938564703493,8,0.0,7.0,0.1223421521691381,0.0,0.3324214228886848,0.0,87.87249716697086,MG11,5.109565811786047,3.260850550181061,0.6634738671803461,1_KEEP_IMPUTE,12.9% null; missingness weakly informative (1.8pp).,Vesta-engineered feature (masked: ranking/counting/entity relations),numeric (count/flag-like),
ieee,V16,V,double,76073,12.881938564703493,15,0.0,15.0,0.1234598137489868,0.0,0.3428407175258282,0.0,87.86802652065147,MG11,5.109565811786047,3.260850550181061,0.6634654033207565,1_KEEP_IMPUTE,12.9% null; missingness weakly informative (1.8pp).,Vesta-engineered feature (masked: ranking/counting/entity relations),numeric (count/flag-like),V15
ieee,V17,V,double,76073,12.881938564703493,16,0.0,15.0,0.1340396954517977,0.0,0.3644561158718156,0.0,87.04601072566365,MG11,5.109565811786047,3.260850550181061,0.6601225297719097,1_KEEP_IMPUTE,12.9% null; missingness weakly informative (1.8pp).,Vesta-engineered feature (masked: ranking/counting/entity relations),numeric (count/flag-like),
ieee,V18,V,double,76073,12.881938564703493,16,0.0,15.0,0.1353633955141923,0.0,0.3717629420904666,0.0,87.03998507192881,MG11,5.109565811786047,3.260850550181061,0.6602874237630906,1_KEEP_IMPUTE,12.9% null; missingness weakly informative (1.8pp).,Vesta-engineered feature (masked: ranking/counting/entity relations),numeric (count/flag-like),V17
ieee,V19,V,double,76073,12.881938564703493,8,0.0,7.0,0.8163711180697693,1.0,0.425511458953949,1.0,78.8515103981402,MG11,5.109565811786047,3.260850550181061,0.5330923117716796,1_KEEP_IMPUTE,12.9% null; missingness weakly informative (1.8pp).,Vesta-engineered feature (masked: ranking/counting/entity relations),numeric (count/flag-like),
ieee,V20,V,double,76073,12.881938564703493,15,0.0,15.0,0.8478425243990382,1.0,0.4594501275229632,1.0,78.12532193512898,MG11,5.109565811786047,3.260850550181061,0.5398207058009817,1_KEEP_IMPUTE,12.9% null; missingness weakly informative (1.8pp).,Vesta-engineered feature (masked: ranking/counting/entity relations),numeric (count/flag-like),
ieee,V21,V,double,76073,12.881938564703493,6,0.0,5.0,0.1296837309292918,0.0,0.3390593360370106,0.0,87.12317796865494,MG11,5.109565811786047,3.260850550181061,0.6573316749256412,1_KEEP_IMPUTE,12.9% null; missingness weakly informative (1.8pp).,Vesta-engineered feature (masked: ranking/counting/entity relations),numeric (count/flag-like),
ieee,V22,V,double,76073,12.881938564703493,9,0.0,8.0,0.1322922558686951,0.0,0.3594144140365553,0.0,87.11637481121238,MG11,5.109565811786047,3.260850550181061,0.6573546577292794,1_KEEP_IMPUTE,12.9% null; missingness weakly informative (1.8pp).,Vesta-engineered feature (masked: ranking/counting/entity relations),numeric (count/flag-like),
ieee,V23,V,double,76073,12.881938564703493,14,0.0,13.0,1.0347913471612369,1.0,0.2476803721061745,1.0,96.94771481941504,MG11,5.109565811786047,3.260850550181061,0.5466745657363683,1_KEEP_IMPUTE,12.9% null; missingness weakly informative (1.8pp).,Vesta-engineered feature (masked: ranking/counting/entity relations),numeric (count/flag-like),
ieee,V24,V,double,76073,12.881938564703493,14,0.0,13.0,1.058097020800168,1.0,0.3054847435537693,1.0,94.948364035011,MG11,5.109565811786047,3.260850550181061,0.547084540604985,1_KEEP_IMPUTE,12.9% null; missingness weakly informative (1.8pp).,Vesta-engineered feature (masked: ranking/counting/entity relations),numeric (count/flag-like),
ieee,V25,V,double,76073,12.881938564703493,7,0.0,7.0,0.977660374717912,1.0,0.1852447392362986,1.0,96.65168028270035,MG11,5.109565811786047,3.260850550181061,0.5009623976187748,1_KEEP_IMPUTE,12.9% null; missingness weakly informative (1.8pp).,Vesta-engineered feature (masked: ranking/counting/entity relations),numeric (count/flag-like),
ieee,V26,V,double,76073,12.881938564703493,13,0.0,13.0,0.9880400492159848,1.0,0.2093019360049777,1.0,96.23921456575448,MG11,5.109565811786047,3.260850550181061,0.5069855635767557,1_KEEP_IMPUTE,12.9% null; missingness weakly informative (1.8pp).,Vesta-engineered feature (masked: ranking/counting/entity relations),numeric (count/flag-like),
ieee,V27,V,double,76073,12.881938564703493,4,0.0,4.0,0.0007755599484515,0.0,0.0285958241556788,0.0,99.92399901257028,MG11,5.109565811786047,3.260850550181061,0.4996071859848782,4_DROP_LOW_INFO,"Near-constant (99.924% one value); only 391 minority rows. Its missingness is captured by the block indicator, not by this column.",Vesta-engineered feature (masked: ranking/counting/entity relations),numeric (count/flag-like),
ieee,V28,V,double,76073,12.881938564703493,4,0.0,4.0,0.0008299852079919,0.0,0.0311327319703269,0.0,99.9234158847895,MG11,5.109565811786047,3.260850550181061,0.4996041720666035,4_DROP_LOW_INFO,"Near-constant (99.923% one value); only 394 minority rows. Its missingness is captured by the block indicator, not by this column.",Vesta-engineered feature (masked: ranking/counting/entity relations),numeric (count/flag-like),
ieee,V29,V,double,76073,12.881938564703493,6,0.0,5.0,0.3878402307631004,0.0,0.5106512851144533,0.0,62.27940761992509,MG11,5.109565811786047,3.260850550181061,0.347945387502874,1_KEEP_IMPUTE,12.9% null; missingness weakly informative (1.8pp).,Vesta-engineered feature (masked: ranking/counting/entity relations),numeric (count/flag-like),
ieee,V30,V,double,76073,12.881938564703493,8,0.0,9.0,0.4064361756925128,0.0,0.5543101686646139,0.0,62.0092250814921,MG11,5.109565811786047,3.260850550181061,0.3480448739939601,1_KEEP_IMPUTE,12.9% null; missingness weakly informative (1.8pp).,Vesta-engineered feature (masked: ranking/counting/entity relations),numeric (count/flag-like),
ieee,V31,V,double,76073,12.881938564703493,8,0.0,7.0,0.140761215005044,0.0,0.355792474280812,0.0,86.11728254679115,MG11,5.109565811786047,3.260850550181061,0.6606034334654717,1_KEEP_IMPUTE,12.9% null; missingness weakly informative (1.8pp).,Vesta-engineered feature (masked: ranking/counting/entity relations),numeric (count/flag-like),
ieee,V32,V,double,76073,12.881938564703493,15,0.0,15.0,0.1424172979024893,0.0,0.3682773248628505,0.0,86.11203439676403,MG11,5.109565811786047,3.260850550181061,0.6606477851580784,1_KEEP_IMPUTE,12.9% null; missingness weakly informative (1.8pp).,Vesta-engineered feature (masked: ranking/counting/entity relations),numeric (count/flag-like),V31
ieee,V33,V,double,76073,12.881938564703493,7,0.0,7.0,0.1306925419900596,0.0,0.3408999139931868,0.0,87.03551442560942,MG11,5.109565811786047,3.260850550181061,0.672779051264845,1_KEEP_IMPUTE,12.9% null; missingness weakly informative (1.8pp).,Vesta-engineered feature (masked: ranking/counting/entity relations),numeric (count/flag-like),
ieee,V34,V,double,76073,12.881938564703493,13,0.0,13.0,0.1391537260893313,0.0,0.3575486225651493,0.0,86.30077342181326,MG11,5.109565811786047,3.260850550181061,0.6763856449982538,1_KEEP_IMPUTE,12.9% null; missingness weakly informative (1.8pp).,Vesta-engineered feature (masked: ranking/counting/entity relations),numeric (count/flag-like),
ieee,V35,V,double,168969,28.612625732380533,4,0.0,3.0,0.5425942486556239,1.0,0.5160094197320527,1.0,52.514760265767805,MG17,3.607762370612361,3.455408460259364,0.3919713897794062,1_KEEP_IMPUTE,28.6% null; missingness weakly informative (0.2pp).,Vesta-engineered feature (masked: ranking/counting/entity relations),numeric (count/flag-like),
ieee,V36,V,double,168969,28.612625732380533,6,0.0,5.0,0.5791978100960455,1.0,0.5390380765287723,1.0,53.614693610328985,MG17,3.607762370612361,3.455408460259364,0.3954654832254762,1_KEEP_IMPUTE,28.6% null; missingness weakly informative (0.2pp).,Vesta-engineered feature (masked: ranking/counting/entity relations),numeric (count/flag-like),
ieee,V37,V,double,168969,28.612625732380533,55,0.0,54.0,1.1080648336816337,1.0,0.6905703307091017,1.0,93.75123051633058,MG17,3.607762370612361,3.455408460259364,0.6030428501935571,1_KEEP_IMPUTE,28.6% null; missingness weakly informative (0.2pp).,Vesta-engineered feature (masked: ranking/counting/entity relations),numeric (count/flag-like),
ieee,V38,V,double,168969,28.612625732380533,55,0.0,54.0,1.1623996906808105,1.0,0.858919084421422,1.0,90.63550386530385,MG17,3.607762370612361,3.455408460259364,0.6274624347008384,1_KEEP_IMPUTE,28.6% null; missingness weakly informative (0.2pp).,Vesta-engineered feature (masked: ranking/counting/entity relations),numeric (count/flag-like),
ieee,V39,V,double,168969,28.612625732380533,16,0.0,15.0,0.1660764141745992,0.0,0.4519549975987977,0.0,84.91902906034808,MG17,3.607762370612361,3.455408460259364,0.6846755026764932,1_KEEP_IMPUTE,28.6% null; missingness weakly informative (0.2pp).,Vesta-engineered feature (masked: ranking/counting/entity relations),numeric (count/flag-like),
ieee,V40,V,double,168969,28.612625732380533,18,0.0,24.0,0.17714453793074,0.0,0.5057858827010409,0.0,84.8817874094755,MG17,3.607762370612361,3.455408460259364,0.6871601132637349,1_KEEP_IMPUTE,28.6% null; missingness weakly informative (0.2pp).,Vesta-engineered feature (masked: ranking/counting/entity relations),numeric (count/flag-like),
ieee,V41,V,double,168969,28.612625732380533,2,0.0,1.0,0.9992693994605892,1.0,0.0270197476350673,1.0,99.92693994605892,MG17,3.607762370612361,3.455408460259364,0.5003072693667149,4_DROP_LOW_INFO,"Near-constant (99.927% one value); only 308 minority rows. Its missingness is captured by the block indicator, not by this column.",Vesta-engineered feature (masked: ranking/counting/entity relations),numeric (count/flag-like),
ieee,V42,V,double,168969,28.612625732380533,9,0.0,8.0,0.1561184237056154,0.0,0.3828954331392442,0.0,85.02458660581492,MG17,3.607762370612361,3.455408460259364,0.6790421629804176,1_KEEP_IMPUTE,28.6% null; missingness weakly informative (0.2pp).,Vesta-engineered feature (masked: ranking/counting/entity relations),numeric (count/flag-like),
ieee,V43,V,double,168969,28.612625732380533,9,0.0,8.0,0.168941886420081,0.0,0.4333583061013432,0.0,84.98236358762819,MG17,3.607762370612361,3.455408460259364,0.6815146933540247,1_KEEP_IMPUTE,28.6% null; missingness weakly informative (0.2pp).,Vesta-engineered feature (masked: ranking/counting/entity relations),numeric (count/flag-like),
ieee,V44,V,double,168969,28.612625732380533,49,0.0,48.0,1.0838909697298913,1.0,0.6391425681224064,1.0,94.32645983713302,MG17,3.607762370612361,3.455408460259364,0.6224267538401154,1_KEEP_IMPUTE,28.6% null; missingness weakly informative (0.2pp).,Vesta-engineered feature (masked: ranking/counting/entity relations),numeric (count/flag-like),
ieee,V45,V,double,168969,28.612625732380533,49,0.0,48.0,1.1207791807311225,1.0,0.7297726682806873,1.0,91.80588797616534,MG17,3.607762370612361,3.455408460259364,0.638725574944512,1_KEEP_IMPUTE,28.6% null; missingness weakly informative (0.2pp).,Vesta-engineered feature (masked: ranking/counting/entity relations),numeric (count/flag-like),
ieee,V46,V,double,168969,28.612625732380533,7,0.0,6.0,1.0222856885317064,1.0,0.1667187522489703,1.0,97.7882729125106,MG17,3.607762370612361,3.455408460259364,0.541228339847124,1_KEEP_IMPUTE,28.6% null; missingness weakly informative (0.2pp).,Vesta-engineered feature (masked: ranking/counting/entity relations),numeric (count/flag-like),
ieee,V47,V,double,168969,28.612625732380533,9,0.0,12.0,1.0385154576571918,1.0,0.23186186196861,1.0,96.42954567558016,MG17,3.607762370612361,3.455408460259364,0.5657182420548805,1_KEEP_IMPUTE,28.6% null; missingness weakly informative (0.2pp).,Vesta-engineered feature (masked: ranking/counting/entity relations),numeric (count/flag-like),
ieee,V48,V,double,168969,28.612625732380533,6,0.0,5.0,0.3831738900446188,0.0,0.5081883939416368,0.0,62.69999596746455,MG17,3.607762370612361,3.455408460259364,0.3420599537358625,1_KEEP_IMPUTE,28.6% null; missingness weakly informative (0.2pp).,Vesta-engineered feature (masked: ranking/counting/entity relations),numeric (count/flag-like),
ieee,V49,V,double,168969,28.612625732380533,6,0.0,5.0,0.3977242267613284,0.0,0.5426530081786229,0.0,62.56621067388412,MG17,3.607762370612361,3.455408460259364,0.3425064994657895,1_KEEP_IMPUTE,28.6% null; missingness weakly informative (0.2pp).,Vesta-engineered feature (masked: ranking/counting/entity relations),numeric (count/flag-like),
ieee,V50,V,double,168969,28.612625732380533,6,0.0,5.0,0.1647456774778151,0.0,0.3739949831187215,0.0,83.61153874436334,MG17,3.607762370612361,3.455408460259364,0.6841372344227992,1_KEEP_IMPUTE,28.6% null; missingness weakly informative (0.2pp).,Vesta-engineered feature (masked: ranking/counting/entity relations),numeric (count/flag-like),
ieee,V51,V,double,168969,28.612625732380533,7,0.0,6.0,0.1705786213947354,0.0,0.4038983765462698,0.0,83.8582350303982,MG17,3.607762370612361,3.455408460259364,0.6982078200933007,1_KEEP_IMPUTE,28.6% null; missingness weakly informative (0.2pp).,Vesta-engineered feature (masked: ranking/counting/entity relations),numeric (count/flag-like),
ieee,V52,V,double,168969,28.612625732380533,9,0.0,12.0,0.1826952043665242,0.0,0.4390011167777279,0.0,83.31621482502354,MG17,3.607762370612361,3.455408460259364,0.7025349496992632,1_KEEP_IMPUTE,28.6% null; missingness weakly informative (0.2pp).,Vesta-engineered feature (masked: ranking/counting/entity relations),numeric (count/flag-like),
ieee,V53,V,double,77096,13.055169844549058,6,0.0,5.0,0.5775858710979191,1.0,0.5115700190914686,1.0,56.10251556158023,MG12,5.8485524540832206,3.146204844150482,0.4250036418136579,2_KEEP_MISSING_INDICATOR,13.1% null; fraud rate 5.85% if null vs 3.15% if present (2.7pp gap). Use block-level indicator (MG12).,Vesta-engineered feature (masked: ranking/counting/entity relations),numeric (count/flag-like),
ieee,V54,V,double,77096,13.055169844549058,7,0.0,6.0,0.6199819259744003,1.0,0.5346342380517671,1.0,57.5009153870724,MG12,5.8485524540832206,3.146204844150482,0.4315211490726935,2_KEEP_MISSING_INDICATOR,13.1% null; fraud rate 5.85% if null vs 3.15% if present (2.7pp gap). Use block-level indicator (MG12).,Vesta-engineered feature (masked: ranking/counting/entity relations),numeric (count/flag-like),
ieee,V55,V,double,77096,13.055169844549058,18,0.0,17.0,1.0676704762349936,1.0,0.3913633488269243,1.0,95.28575657715348,MG12,5.8485524540832206,3.146204844150482,0.5413808088695502,2_KEEP_MISSING_INDICATOR,13.1% null; fraud rate 5.85% if null vs 3.15% if present (2.7pp gap). Use block-level indicator (MG12).,Vesta-engineered feature (masked: ranking/counting/entity relations),numeric (count/flag-like),
ieee,V56,V,double,77096,13.055169844549058,52,0.0,51.0,1.1209791135936928,1.0,0.6611278587486468,1.0,92.06456789834918,MG12,5.8485524540832206,3.146204844150482,0.5627303546569441,2_KEEP_MISSING_INDICATOR,13.1% null; fraud rate 5.85% if null vs 3.15% if present (2.7pp gap). Use block-level indicator (MG12).,Vesta-engineered feature (masked: ranking/counting/entity relations),numeric (count/flag-like),
ieee,V57,V,double,77096,13.055169844549058,7,0.0,6.0,0.1283119483332164,0.0,0.3490939867868386,0.0,87.60585380294638,MG12,5.8485524540832206,3.146204844150482,0.6535354409061033,2_KEEP_MISSING_INDICATOR,13.1% null; fraud rate 5.85% if null vs 3.15% if present (2.7pp gap). Use block-level indicator (MG12).,Vesta-engineered feature (masked: ranking/counting/entity relations),numeric (count/flag-like),
ieee,V58,V,double,77096,13.055169844549058,11,0.0,10.0,0.1324526141117629,0.0,0.372906900957146,0.0,87.56553781911951,MG12,5.8485524540832206,3.146204844150482,0.6553420736379788,2_KEEP_MISSING_INDICATOR,13.1% null; fraud rate 5.85% if null vs 3.15% if present (2.7pp gap). Use block-level indicator (MG12).,Vesta-engineered feature (masked: ranking/counting/entity relations),numeric (count/flag-like),
ieee,V59,V,double,77096,13.055169844549058,17,0.0,16.0,0.1344333559258653,0.0,0.3792909088729584,0.0,87.37778608767461,MG12,5.8485524540832206,3.146204844150482,0.6467387639918847,2_KEEP_MISSING_INDICATOR,13.1% null; fraud rate 5.85% if null vs 3.15% if present (2.7pp gap). Use block-level indicator (MG12).,Vesta-engineered feature (masked: ranking/counting/entity relations),numeric (count/flag-like),
ieee,V60,V,double,77096,13.055169844549058,17,0.0,16.0,0.1425374529646855,0.0,0.4182291964031346,0.0,87.32578431143416,MG12,5.8485524540832206,3.146204844150482,0.6490397779538206,2_KEEP_MISSING_INDICATOR,13.1% null; fraud rate 5.85% if null vs 3.15% if present (2.7pp gap). Use block-level indicator (MG12).,Vesta-engineered feature (masked: ranking/counting/entity relations),numeric (count/flag-like),
ieee,V61,V,double,77096,13.055169844549058,7,0.0,6.0,0.8297847477037418,1.0,0.4366165015778254,1.0,78.71978248845055,MG12,5.8485524540832206,3.146204844150482,0.5507059602030252,2_KEEP_MISSING_INDICATOR,13.1% null; fraud rate 5.85% if null vs 3.15% if present (2.7pp gap). Use block-level indicator (MG12).,Vesta-engineered feature (masked: ranking/counting/entity relations),numeric (count/flag-like),
ieee,V62,V,double,77096,13.055169844549058,11,0.0,10.0,0.8675629669447885,1.0,0.4838029362254135,1.0,77.61566986857379,MG12,5.8485524540832206,3.146204844150482,0.5675542149730479,2_KEEP_MISSING_INDICATOR,13.1% null; fraud rate 5.85% if null vs 3.15% if present (2.7pp gap). Use block-level indicator (MG12).,Vesta-engineered feature (masked: ranking/counting/entity relations),numeric (count/flag-like),
ieee,V63,V,double,77096,13.055169844549058,8,0.0,7.0,0.1307425931552418,0.0,0.3552621487505911,0.0,87.44108412991486,MG12,5.8485524540832206,3.146204844150482,0.6446936922696974,2_KEEP_MISSING_INDICATOR,13.1% null; fraud rate 5.85% if null vs 3.15% if present (2.7pp gap). Use block-level indicator (MG12).,Vesta-engineered feature (masked: ranking/counting/entity relations),numeric (count/flag-like),
ieee,V64,V,double,77096,13.055169844549058,8,0.0,7.0,0.1418246196274569,0.0,0.4061568784125103,0.0,87.38284993105383,MG12,5.8485524540832206,3.146204844150482,0.646796716450033,2_KEEP_MISSING_INDICATOR,13.1% null; fraud rate 5.85% if null vs 3.15% if present (2.7pp gap). Use block-level indicator (MG12).,Vesta-engineered feature (masked: ranking/counting/entity relations),numeric (count/flag-like),
ieee,V65,V,double,77096,13.055169844549058,2,0.0,1.0,0.999663059652075,1.0,0.0183528422629012,1.0,99.9663059652075,MG12,5.8485524540832206,3.146204844150482,0.5001419852341052,4_DROP_LOW_INFO,"Near-constant (99.966% one value); only 173 minority rows. Its missingness is captured by the block indicator, not by this column.",Vesta-engineered feature (masked: ranking/counting/entity relations),numeric (count/flag-like),
ieee,V66,V,double,77096,13.055169844549058,8,0.0,7.0,0.9810378541768916,1.0,0.2162349463832155,1.0,95.5856919157688,MG12,5.8485524540832206,3.146204844150482,0.5185712022203552,2_KEEP_MISSING_INDICATOR,13.1% null; fraud rate 5.85% if null vs 3.15% if present (2.7pp gap). Use block-level indicator (MG12).,Vesta-engineered feature (masked: ranking/counting/entity relations),numeric (count/flag-like),
ieee,V67,V,double,77096,13.055169844549058,9,0.0,8.0,0.998120535053482,1.0,0.2459113478143672,1.0,94.743925335577,MG12,5.8485524540832206,3.146204844150482,0.5406459242223967,2_KEEP_MISSING_INDICATOR,13.1% null; fraud rate 5.85% if null vs 3.15% if present (2.7pp gap). Use block-level indicator (MG12).,Vesta-engineered feature (masked: ranking/counting/entity relations),numeric (count/flag-like),
ieee,V68,V,double,77096,13.055169844549058,3,0.0,2.0,0.0005336511868869,0.0,0.0237598088460451,0.0,99.94819298696645,MG12,5.8485524540832206,3.146204844150482,0.4997325504232942,4_DROP_LOW_INFO,"Near-constant (99.948% one value); only 266 minority rows. Its missingness is captured by the block indicator, not by this column.",Vesta-engineered feature (masked: ranking/counting/entity relations),numeric (count/flag-like),
ieee,V69,V,double,77096,13.055169844549058,6,0.0,5.0,0.3902002944819688,0.0,0.5136950345897566,0.0,62.15595079502341,MG12,5.8485524540832206,3.146204844150482,0.3490958339128123,2_KEEP_MISSING_INDICATOR,13.1% null; fraud rate 5.85% if null vs 3.15% if present (2.7pp gap). Use block-level indicator (MG12).,Vesta-engineered feature (masked: ranking/counting/entity relations),numeric (count/flag-like),
ieee,V70,V,double,77096,13.055169844549058,7,0.0,6.0,0.4079237463092372,0.0,0.5544986793133634,0.0,61.895941913821176,MG12,5.8485524540832206,3.146204844150482,0.3482419786432261,2_KEEP_MISSING_INDICATOR,13.1% null; fraud rate 5.85% if null vs 3.15% if present (2.7pp gap). Use block-level indicator (MG12).,Vesta-engineered feature (masked: ranking/counting/entity relations),numeric (count/flag-like),
ieee,V71,V,double,77096,13.055169844549058,7,0.0,6.0,0.1406385116974782,0.0,0.3643027652388133,0.0,86.44000124648453,MG12,5.8485524540832206,3.146204844150482,0.648787664376777,2_KEEP_MISSING_INDICATOR,13.1% null; fraud rate 5.85% if null vs 3.15% if present (2.7pp gap). Use block-level indicator (MG12).,Vesta-engineered feature (masked: ranking/counting/entity relations),numeric (count/flag-like),
ieee,V72,V,double,77096,13.055169844549058,11,0.0,10.0,0.1451239083522253,0.0,0.3892115351673727,0.0,86.39910097303698,MG12,5.8485524540832206,3.146204844150482,0.6507061497284578,2_KEEP_MISSING_INDICATOR,13.1% null; fraud rate 5.85% if null vs 3.15% if present (2.7pp gap). Use block-level indicator (MG12).,Vesta-engineered feature (masked: ranking/counting/entity relations),numeric (count/flag-like),
ieee,V73,V,double,77096,13.055169844549058,8,0.0,7.0,0.1399821596902486,0.0,0.3670976427701628,0.0,86.62794774113632,MG12,5.8485524540832206,3.146204844150482,0.6626830019921295,2_KEEP_MISSING_INDICATOR,13.1% null; fraud rate 5.85% if null vs 3.15% if present (2.7pp gap). Use block-level indicator (MG12).,Vesta-engineered feature (masked: ranking/counting/entity relations),numeric (count/flag-like),
ieee,V74,V,double,77096,13.055169844549058,9,0.0,8.0,0.1521470695927891,0.0,0.3932737395396283,0.0,85.86681312859825,MG12,5.8485524540832206,3.146204844150482,0.6708028234835458,2_KEEP_MISSING_INDICATOR,13.1% null; fraud rate 5.85% if null vs 3.15% if present (2.7pp gap). Use block-level indicator (MG12).,Vesta-engineered feature (masked: ranking/counting/entity relations),numeric (count/flag-like),
ieee,V75,V,double,89164,15.098723202492634,5,0.0,4.0,0.5442781465407199,1.0,0.5143171059903189,1.0,52.87089928516722,MG14,4.795657440222511,3.26840534848098,0.420168160297051,1_KEEP_IMPUTE,15.1% null; missingness weakly informative (1.5pp).,Vesta-engineered feature (masked: ranking/counting/entity relations),numeric (count/flag-like),
ieee,V76,V,double,89164,15.098723202492634,7,0.0,6.0,0.5875570430176156,1.0,0.5382299098949512,1.0,54.50859235384223,MG14,4.795657440222511,3.26840534848098,0.4208960140585171,1_KEEP_IMPUTE,15.1% null; missingness weakly informative (1.5pp).,Vesta-engineered feature (masked: ranking/counting/entity relations),numeric (count/flag-like),
ieee,V77,V,double,89164,15.098723202492634,31,0.0,30.0,1.0868928708195047,1.0,0.5329569997603423,1.0,94.6263881797294,MG14,4.795657440222511,3.26840534848098,0.5820270863384293,1_KEEP_IMPUTE,15.1% null; missingness weakly informative (1.5pp).,Vesta-engineered feature (masked: ranking/counting/entity relations),numeric (count/flag-like),
ieee,V78,V,double,89164,15.098723202492634,32,0.0,31.0,1.1444624393668623,1.0,0.781473302930745,1.0,91.33165528465662,MG14,4.795657440222511,3.26840534848098,0.5980270557140129,1_KEEP_IMPUTE,15.1% null; missingness weakly informative (1.5pp).,Vesta-engineered feature (masked: ranking/counting/entity relations),numeric (count/flag-like),
ieee,V79,V,double,89164,15.098723202492634,8,0.0,7.0,0.1368673410773551,0.0,0.3799033980637442,0.0,87.12064398774572,MG14,4.795657440222511,3.26840534848098,0.6751586782177549,1_KEEP_IMPUTE,15.1% null; missingness weakly informative (1.5pp).,Vesta-engineered feature (masked: ranking/counting/entity relations),numeric (count/flag-like),
ieee,V80,V,double,89164,15.098723202492634,20,0.0,19.0,0.1439538390349757,0.0,0.4099314659538168,0.0,86.7077801889201,MG14,4.795657440222511,3.26840534848098,0.6654120909505559,1_KEEP_IMPUTE,15.1% null; missingness weakly informative (1.5pp).,Vesta-engineered feature (masked: ranking/counting/entity relations),numeric (count/flag-like),
ieee,V81,V,double,89164,15.098723202492634,20,0.0,19.0,0.1526957812101097,0.0,0.4522973007721254,0.0,86.69202355118713,MG14,4.795657440222511,3.26840534848098,0.6669091611523419,1_KEEP_IMPUTE,15.1% null; missingness weakly informative (1.5pp).,Vesta-engineered feature (masked: ranking/counting/entity relations),numeric (count/flag-like),
ieee,V82,V,double,89164,15.098723202492634,8,0.0,7.0,0.8446096342864438,1.0,0.4225281875149677,1.0,80.30141051825376,MG14,4.795657440222511,3.26840534848098,0.54960929916453,1_KEEP_IMPUTE,15.1% null; missingness weakly informative (1.5pp).,Vesta-engineered feature (masked: ranking/counting/entity relations),numeric (count/flag-like),
ieee,V83,V,double,89164,15.098723202492634,8,0.0,7.0,0.8819648327801889,1.0,0.4707562881228225,1.0,79.10610001276487,MG14,4.795657440222511,3.26840534848098,0.56461435405984,1_KEEP_IMPUTE,15.1% null; missingness weakly informative (1.5pp).,Vesta-engineered feature (masked: ranking/counting/entity relations),numeric (count/flag-like),
ieee,V84,V,double,89164,15.098723202492634,8,0.0,7.0,0.1371445781210109,0.0,0.3618745916281227,0.0,86.8102980597396,MG14,4.795657440222511,3.26840534848098,0.6621339709542455,1_KEEP_IMPUTE,15.1% null; missingness weakly informative (1.5pp).,Vesta-engineered feature (masked: ranking/counting/entity relations),numeric (count/flag-like),
ieee,V85,V,double,89164,15.098723202492634,8,0.0,7.0,0.1497877840183814,0.0,0.4194445199111545,0.0,86.78177655093184,MG14,4.795657440222511,3.26840534848098,0.6635124376641877,1_KEEP_IMPUTE,15.1% null; missingness weakly informative (1.5pp).,Vesta-engineered feature (masked: ranking/counting/entity relations),numeric (count/flag-like),
ieee,V86,V,double,89164,15.098723202492634,31,0.0,30.0,1.0648854352821036,1.0,0.4198062517631482,1.0,95.12042858054632,MG14,4.795657440222511,3.26840534848098,0.6045488839428504,1_KEEP_IMPUTE,15.1% null; missingness weakly informative (1.5pp).,Vesta-engineered feature (masked: ranking/counting/entity relations),numeric (count/flag-like),
ieee,V87,V,double,89164,15.098723202492634,31,0.0,30.0,1.0994562962726575,1.0,0.5112805777913885,1.0,92.48707556803676,MG14,4.795657440222511,3.26840534848098,0.6173235836172893,1_KEEP_IMPUTE,15.1% null; missingness weakly informative (1.5pp).,Vesta-engineered feature (masked: ranking/counting/entity relations),numeric (count/flag-like),
ieee,V88,V,double,89164,15.098723202492634,2,0.0,1.0,0.9992460748021444,1.0,0.0274473458580522,1.0,99.92460748021443,MG14,4.795657440222511,3.26840534848098,0.5000427271934662,4_DROP_LOW_INFO,"Near-constant (99.925% one value); only 378 minority rows. Its missingness is captured by the block indicator, not by this column.",Vesta-engineered feature (masked: ranking/counting/entity relations),numeric (count/flag-like),
ieee,V89,V,double,89164,15.098723202492634,3,0.0,2.0,0.0009015190196579,0.0,0.0319433396726354,0.0,99.91583163135051,MG14,4.795657440222511,3.26840534848098,0.4995649385862359,4_DROP_LOW_INFO,"Near-constant (99.916% one value); only 422 minority rows. Its missingness is captured by the block indicator, not by this column.",Vesta-engineered feature (masked: ranking/counting/entity relations),numeric (count/flag-like),
ieee,V90,V,double,89164,15.098723202492634,6,0.0,5.0,0.4018620755680367,0.0,0.5161523745978445,0.0,60.99554027316824,MG14,4.795657440222511,3.26840534848098,0.3428979156534796,1_KEEP_IMPUTE,15.1% null; missingness weakly informative (1.5pp).,Vesta-engineered feature (masked: ranking/counting/entity relations),numeric (count/flag-like),
ieee,V91,V,double,89164,15.098723202492634,7,0.0,6.0,0.4204608916262445,0.0,0.5618641626178497,0.0,60.85951461577738,MG14,4.795657440222511,3.26840534848098,0.3426383346943104,1_KEEP_IMPUTE,15.1% null; missingness weakly informative (1.5pp).,Vesta-engineered feature (masked: ranking/counting/entity relations),numeric (count/flag-like),
ieee,V92,V,double,89164,15.098723202492634,8,0.0,7.0,0.1503223129946387,0.0,0.3756815245437878,0.0,85.50449163900944,MG14,4.795657440222511,3.26840534848098,0.6710223806375643,1_KEEP_IMPUTE,15.1% null; missingness weakly informative (1.5pp).,Vesta-engineered feature (masked: ranking/counting/entity relations),numeric (count/flag-like),
ieee,V93,V,double,89164,15.098723202492634,8,0.0,7.0,0.1548119574929793,0.0,0.4023131541194231,0.0,85.50349438345673,MG14,4.795657440222511,3.26840534848098,0.6721717203110824,1_KEEP_IMPUTE,15.1% null; missingness weakly informative (1.5pp).,Vesta-engineered feature (masked: ranking/counting/entity relations),numeric (count/flag-like),
ieee,V94,V,double,89164,15.098723202492634,3,0.0,2.0,0.1370069568547357,0.0,0.3438778950688512,0.0,86.3001021189686,MG14,4.795657440222511,3.26840534848098,0.6821899455141407,1_KEEP_IMPUTE,15.1% null; missingness weakly informative (1.5pp).,Vesta-engineered feature (masked: ranking/counting/entity relations),numeric (count/flag-like),
ieee,V95,V,double,314,0.0531716733836827,881,0.0,880.0,1.038019334966606,0.0,21.034285858846435,0.0,86.49940870107383,MG02,5.414012738853503,3.497982128879446,0.5844394497629649,1_KEEP_IMPUTE,Negligible sparsity; median impute (or leave NaN for tree models).,Vesta-engineered feature (masked: ranking/counting/entity relations),numeric (count/flag-like),
ieee,V96,V,double,314,0.0531716733836827,1410,0.0,1410.0,3.0051895375669657,0.0,40.23945611510368,0.0,62.108073856454986,MG02,5.414012738853503,3.497982128879446,0.5298171390366658,1_KEEP_IMPUTE,Negligible sparsity; median impute (or leave NaN for tree models).,Vesta-engineered feature (masked: ranking/counting/entity relations),numeric (count/flag-like),
ieee,V97,V,double,314,0.0531716733836827,976,0.0,976.0,1.7189330866481654,0.0,27.70042528896166,0.0,76.95577626197422,MG02,5.414012738853503,3.497982128879446,0.5822642317596155,1_KEEP_IMPUTE,Negligible sparsity; median impute (or leave NaN for tree models).,Vesta-engineered feature (masked: ranking/counting/entity relations),numeric (count/flag-like),V96
ieee,V98,V,double,314,0.0531716733836827,13,0.0,12.0,0.0619847312724278,0.0,0.2849945954070104,0.0,94.64544089890992,MG02,5.414012738853503,3.497982128879446,0.5169317253933933,1_KEEP_IMPUTE,Negligible sparsity; median impute (or leave NaN for tree models).,Vesta-engineered feature (masked: ranking/counting/entity relations),numeric (count/flag-like),
ieee,V99,V,double,314,0.0531716733836827,89,0.0,88.0,0.8949859884179958,0.0,2.722549853794056,0.0,68.40871123942354,MG02,5.414012738853503,3.497982128879446,0.461827551999215,1_KEEP_IMPUTE,Negligible sparsity; median impute (or leave NaN for tree models).,Vesta-engineered feature (masked: ranking/counting/entity relations),numeric (count/flag-like),
ieee,V100,V,double,314,0.0531716733836827,29,0.0,28.0,0.2735037087488521,0.0,0.9471749396142416,0.0,84.12421682541941,MG02,5.414012738853503,3.497982128879446,0.5161449114814158,1_KEEP_IMPUTE,Negligible sparsity; median impute (or leave NaN for tree models).,Vesta-engineered feature (masked: ranking/counting/entity relations),numeric (count/flag-like),
ieee,V101,V,double,314,0.0531716733836827,870,0.0,869.0,0.8892492028477227,0.0,20.58255372219212,0.0,94.23746158251248,MG02,5.414012738853503,3.497982128879446,0.5725275868325246,1_KEEP_IMPUTE,Negligible sparsity; median impute (or leave NaN for tree models).,Vesta-engineered feature (masked: ranking/counting/entity relations),numeric (count/flag-like),V95
ieee,V102,V,double,314,0.0531716733836827,1285,0.0,1285.0,1.8272288919837485,0.0,35.928425160122224,0.0,90.8060641178125,MG02,5.414012738853503,3.497982128879446,0.5897297168210711,1_KEEP_IMPUTE,Negligible sparsity; median impute (or leave NaN for tree models).,Vesta-engineered feature (masked: ranking/counting/entity relations),numeric (count/flag-like),V96
ieee,V103,V,double,314,0.0531716733836827,928,0.0,928.0,1.2792879337745202,0.0,25.68562027946096,0.0,92.80224863018572,MG02,5.414012738853503,3.497982128879446,0.5851360789213553,1_KEEP_IMPUTE,Negligible sparsity; median impute (or leave NaN for tree models).,Vesta-engineered feature (masked: ranking/counting/entity relations),numeric (count/flag-like),V96
ieee,V104,V,double,314,0.0531716733836827,16,0.0,15.0,0.0854333763676964,0.0,0.6487170044105827,0.0,95.47647850145538,MG02,5.414012738853503,3.497982128879446,0.5106938053000177,1_KEEP_IMPUTE,Near-constant (95.48% one value) BUT minority rows n=26699 have fraud rate 5.10% (1.46x base) - keep; consider binary 'is_minority' flag.,Vesta-engineered feature (masked: ranking/counting/entity relations),numeric (count/flag-like),
ieee,V105,V,double,314,0.0531716733836827,100,0.0,99.0,0.2811448495999837,0.0,3.373945392569586,0.0,92.8034346165706,MG02,5.414012738853503,3.497982128879446,0.5155443289937552,1_KEEP_IMPUTE,Negligible sparsity; median impute (or leave NaN for tree models).,Vesta-engineered feature (masked: ranking/counting/entity relations),numeric (count/flag-like),
ieee,V106,V,double,314,0.0531716733836827,56,0.0,55.0,0.1645844134280767,0.0,1.8256638782886827,0.0,94.55259510763672,MG02,5.414012738853503,3.497982128879446,0.5150110017232395,1_KEEP_IMPUTE,Negligible sparsity; median impute (or leave NaN for tree models).,Vesta-engineered feature (masked: ranking/counting/entity relations),numeric (count/flag-like),
ieee,V107,V,double,314,0.0531716733836827,2,0.0,1.0,0.999579821966501,1.0,0.0204939377358085,1.0,99.9579821966501,MG02,5.414012738853503,3.497982128879446,0.5001424174554291,4_DROP_LOW_INFO,Near-constant (99.958% one value); only 248 minority rows. Null rate <1% so no missingness signal either.,Vesta-engineered feature (masked: ranking/counting/entity relations),numeric (count/flag-like),
ieee,V108,V,double,314,0.0531716733836827,8,0.0,7.0,1.0046134870371688,1.0,0.0811459173410398,1.0,99.49443094678988,MG02,5.414012738853503,3.497982128879446,0.5164920910042953,1_KEEP_IMPUTE,Near-constant (99.49% one value) BUT minority rows n=2984 have fraud rate 25.13% (7.18x base) - keep; consider binary 'is_minority' flag.,Vesta-engineered feature (masked: ranking/counting/entity relations),numeric (count/flag-like),
ieee,V109,V,double,314,0.0531716733836827,8,0.0,7.0,1.0148163584796333,1.0,0.1277692670027789,1.0,98.55580743647349,MG02,5.414012738853503,3.497982128879446,0.5162514905291417,1_KEEP_IMPUTE,Near-constant (98.56% one value) BUT minority rows n=8524 have fraud rate 11.03% (3.15x base) - keep; consider binary 'is_minority' flag.,Vesta-engineered feature (masked: ranking/counting/entity relations),numeric (count/flag-like),
ieee,V110,V,double,314,0.0531716733836827,8,0.0,7.0,1.00773940829445,1.0,0.0972896011713102,1.0,99.20962478779316,MG02,5.414012738853503,3.497982128879446,0.5167529314994085,1_KEEP_IMPUTE,Near-constant (99.21% one value) BUT minority rows n=4665 have fraud rate 17.58% (5.02x base) - keep; consider binary 'is_minority' flag.,Vesta-engineered feature (masked: ranking/counting/entity relations),numeric (count/flag-like),
ieee,V111,V,double,314,0.0531716733836827,10,0.0,9.0,1.002563424857597,1.0,0.0708302783143102,1.0,99.70740021618838,MG02,5.414012738853503,3.497982128879446,0.517463107393676,1_KEEP_IMPUTE,Near-constant (99.71% one value) BUT minority rows n=1727 have fraud rate 43.14% (12.33x base) - keep; consider binary 'is_minority' flag.,Vesta-engineered feature (masked: ranking/counting/entity relations),numeric (count/flag-like),
ieee,V112,V,double,314,0.0531716733836827,10,0.0,9.0,1.0053555756608483,1.0,0.0846173124600127,1.0,99.49290610715218,MG02,5.414012738853503,3.497982128879446,0.5182428817072595,1_KEEP_IMPUTE,Near-constant (99.49% one value) BUT minority rows n=2993 have fraud rate 27.63% (7.90x base) - keep; consider binary 'is_minority' flag.,Vesta-engineered feature (masked: ranking/counting/entity relations),numeric (count/flag-like),
ieee,V113,V,double,314,0.0531716733836827,10,0.0,9.0,1.0033834497294256,1.0,0.07475361041989,1.0,99.65132000284636,MG02,5.414012738853503,3.497982128879446,0.5175976019685137,1_KEEP_IMPUTE,Near-constant (99.65% one value) BUT minority rows n=2058 have fraud rate 37.07% (10.60x base) - keep; consider binary 'is_minority' flag.,Vesta-engineered feature (masked: ranking/counting/entity relations),numeric (count/flag-like),
ieee,V114,V,double,314,0.0531716733836827,7,0.0,6.0,1.0092981332574302,1.0,0.110178809576695,1.0,99.06171534293644,MG02,5.414012738853503,3.497982128879446,0.521099234226734,1_KEEP_IMPUTE,Near-constant (99.06% one value) BUT minority rows n=5538 have fraud rate 18.45% (5.27x base) - keep; consider binary 'is_minority' flag.,Vesta-engineered feature (masked: ranking/counting/entity relations),numeric (count/flag-like),
ieee,V115,V,double,314,0.0531716733836827,7,0.0,6.0,1.0324502817564798,1.0,0.1903844820837159,1.0,96.93253092883064,MG02,5.414012738853503,3.497982128879446,0.5211001292440757,1_KEEP_IMPUTE,Near-constant (96.93% one value) BUT minority rows n=18105 have fraud rate 8.09% (2.31x base) - keep; consider binary 'is_minority' flag.,Vesta-engineered feature (masked: ranking/counting/entity relations),numeric (count/flag-like),
ieee,V116,V,double,314,0.0531716733836827,7,0.0,6.0,1.0157380393273086,1.0,0.1367701386075173,1.0,98.46939985700392,MG02,5.414012738853503,3.497982128879446,0.5221695434998616,1_KEEP_IMPUTE,Near-constant (98.47% one value) BUT minority rows n=9034 have fraud rate 13.14% (3.76x base) - keep; consider binary 'is_minority' flag.,Vesta-engineered feature (masked: ranking/counting/entity relations),numeric (count/flag-like),
ieee,V117,V,double,314,0.0531716733836827,4,0.0,3.0,1.000391375507009,1.0,0.0352383881130282,1.0,99.87682684259929,MG02,5.414012738853503,3.497982128879446,0.5047407355942848,1_KEEP_IMPUTE,Near-constant (99.88% one value) BUT minority rows n=727 have fraud rate 27.92% (7.98x base) - keep; consider binary 'is_minority' flag.,Vesta-engineered feature (masked: ranking/counting/entity relations),numeric (count/flag-like),
ieee,V118,V,double,314,0.0531716733836827,4,0.0,3.0,1.001474011649775,1.0,0.0410113149774629,1.0,99.83260649310604,MG02,5.414012738853503,3.497982128879446,0.5045326516731593,1_KEEP_IMPUTE,Near-constant (99.83% one value) BUT minority rows n=988 have fraud rate 21.36% (6.10x base) - keep; consider binary 'is_minority' flag.,Vesta-engineered feature (masked: ranking/counting/entity relations),numeric (count/flag-like),
ieee,V119,V,double,314,0.0531716733836827,4,0.0,3.0,1.0007285344935668,1.0,0.0363921070566808,1.0,99.86852493790514,MG02,5.414012738853503,3.497982128879446,0.5047673678238475,1_KEEP_IMPUTE,Near-constant (99.87% one value) BUT minority rows n=776 have fraud rate 26.68% (7.62x base) - keep; consider binary 'is_minority' flag.,Vesta-engineered feature (masked: ranking/counting/entity relations),numeric (count/flag-like),
ieee,V120,V,double,314,0.0531716733836827,4,0.0,3.0,1.0008742413922802,1.0,0.0416839644103564,1.0,99.8292179605778,MG02,5.414012738853503,3.497982128879446,0.502086120748981,1_KEEP_IMPUTE,Near-constant (99.83% one value) BUT minority rows n=1008 have fraud rate 10.62% (3.03x base) - keep; consider binary 'is_minority' flag.,Vesta-engineered feature (masked: ranking/counting/entity relations),numeric (count/flag-like),
ieee,V121,V,double,314,0.0531716733836827,4,0.0,3.0,1.004276328050611,1.0,0.0670970596304068,1.0,99.55406911928652,MG02,5.414012738853503,3.497982128879446,0.5021114402155781,1_KEEP_IMPUTE,Near-constant (99.55% one value) BUT minority rows n=2632 have fraud rate 6.53% (1.87x base) - keep; consider binary 'is_minority' flag.,Vesta-engineered feature (masked: ranking/counting/entity relations),numeric (count/flag-like),
ieee,V122,V,double,314,0.0531716733836827,4,0.0,3.0,1.0017586483821452,1.0,0.0486363176349974,1.0,99.76619125555295,MG02,5.414012738853503,3.497982128879446,0.5023307664899263,1_KEEP_IMPUTE,Near-constant (99.77% one value) BUT minority rows n=1380 have fraud rate 9.49% (2.71x base) - keep; consider binary 'is_minority' flag.,Vesta-engineered feature (masked: ranking/counting/entity relations),numeric (count/flag-like),
ieee,V123,V,double,314,0.0531716733836827,14,0.0,13.0,1.031120282739154,1.0,0.2281339944116303,1.0,97.3715153178613,MG02,5.414012738853503,3.497982128879446,0.5407161685392164,1_KEEP_IMPUTE,Near-constant (97.37% one value) BUT minority rows n=15514 have fraud rate 13.79% (3.94x base) - keep; consider binary 'is_minority' flag.,Vesta-engineered feature (masked: ranking/counting/entity relations),numeric (count/flag-like),
ieee,V124,V,double,314,0.0531716733836827,14,0.0,13.0,1.0929745555092456,1.0,0.3741029924870989,1.0,92.51456221854002,MG02,5.414012738853503,3.497982128879446,0.5341326584822641,1_KEEP_IMPUTE,Negligible sparsity; median impute (or leave NaN for tree models).,Vesta-engineered feature (masked: ranking/counting/entity relations),numeric (count/flag-like),
ieee,V125,V,double,314,0.0531716733836827,14,0.0,13.0,1.0504145869548274,1.0,0.280036742444428,1.0,95.8234642323449,MG02,5.414012738853503,3.497982128879446,0.5404616010314437,1_KEEP_IMPUTE,Near-constant (95.82% one value) BUT minority rows n=24651 have fraud rate 9.90% (2.83x base) - keep; consider binary 'is_minority' flag.,Vesta-engineered feature (masked: ranking/counting/entity relations),numeric (count/flag-like),
ieee,V126,V,double,314,0.0531716733836827,10299,0.0,160000.0,129.97941710470164,0.0,2346.949693218716,0.0,86.49940870107383,MG02,5.414012738853503,3.497982128879446,0.5826272175013437,1_KEEP_IMPUTE,Negligible sparsity; median impute (or leave NaN for tree models).,Vesta-engineered feature (masked: ranking/counting/entity relations),numeric (count/flag-like),V95
ieee,V127,V,double,314,0.0531716733836827,24414,0.0,160000.0,336.6115585155757,0.0,4238.663358217077,0.0,62.108073856454986,MG02,5.414012738853503,3.497982128879446,0.5305776487928957,1_KEEP_IMPUTE,Negligible sparsity; median impute (or leave NaN for tree models).,Vesta-engineered feature (masked: ranking/counting/entity relations),numeric (count/flag-like),V96
ieee,V128,V,double,314,0.0531716733836827,14507,0.0,160000.0,204.09403837496453,0.0,3010.2562241576584,0.0,76.95577626197422,MG02,5.414012738853503,3.497982128879446,0.5803200761527865,1_KEEP_IMPUTE,Negligible sparsity; median impute (or leave NaN for tree models).,Vesta-engineered feature (masked: ranking/counting/entity relations),numeric (count/flag-like),
ieee,V129,V,double,314,0.0531716733836827,1968,0.0,55125.0,8.768944125254277,0.0,113.83273172922156,0.0,94.64544089890992,MG02,5.414012738853503,3.497982128879446,0.5172441375955935,1_KEEP_IMPUTE,Negligible sparsity; median impute (or leave NaN for tree models).,Vesta-engineered feature (masked: ranking/counting/entity relations),numeric (count/flag-like),
ieee,V130,V,double,314,0.0531716733836827,12332,0.0,55125.0,92.16584942117252,0.0,315.9602171412859,0.0,68.40871123942354,MG02,5.414012738853503,3.497982128879446,0.4674715105648085,1_KEEP_IMPUTE,Negligible sparsity; median impute (or leave NaN for tree models).,Vesta-engineered feature (masked: ranking/counting/entity relations),numeric (count/flag-like),
ieee,V131,V,double,314,0.0531716733836827,4444,0.0,55125.0,31.13330217318316,0.0,161.1611211591836,0.0,84.12421682541941,MG02,5.414012738853503,3.497982128879446,0.5181875133408607,1_KEEP_IMPUTE,Negligible sparsity; median impute (or leave NaN for tree models).,Vesta-engineered feature (masked: ranking/counting/entity relations),numeric (count/flag-like),
ieee,V132,V,double,314,0.0531716733836827,6560,0.0,93736.0,103.51318849235776,0.0,2266.104220086924,0.0,94.23746158251248,MG02,5.414012738853503,3.497982128879446,0.5719729672057449,1_KEEP_IMPUTE,Negligible sparsity; median impute (or leave NaN for tree models).,Vesta-engineered feature (masked: ranking/counting/entity relations),numeric (count/flag-like),V95
ieee,V133,V,double,314,0.0531716733836827,9949,0.0,133915.0,204.88915980030453,0.0,3796.31353877664,0.0,90.8060641178125,MG02,5.414012738853503,3.497982128879446,0.5890186574745316,1_KEEP_IMPUTE,Negligible sparsity; median impute (or leave NaN for tree models).,Vesta-engineered feature (masked: ranking/counting/entity relations),numeric (count/flag-like),V96
ieee,V134,V,double,314,0.0531716733836827,8178,0.0,98476.0,145.97232754635542,0.0,2772.9844679500857,0.0,92.80224863018572,MG02,5.414012738853503,3.497982128879446,0.58450758537104,1_KEEP_IMPUTE,Negligible sparsity; median impute (or leave NaN for tree models).,Vesta-engineered feature (masked: ranking/counting/entity relations),numeric (count/flag-like),V96
ieee,V135,V,double,314,0.0531716733836827,3724,0.0,90750.0,17.25013217816419,0.0,293.8473142768753,0.0,95.47647850145538,MG02,5.414012738853503,3.497982128879446,0.5105928154974056,1_KEEP_IMPUTE,Near-constant (95.48% one value) BUT minority rows n=26699 have fraud rate 5.10% (1.46x base) - keep; consider binary 'is_minority' flag.,Vesta-engineered feature (masked: ranking/counting/entity relations),numeric (count/flag-like),
ieee,V136,V,double,314,0.0531716733836827,4852,0.0,90750.0,38.82119582327327,0.0,451.8080286208304,0.0,92.8034346165706,MG02,5.414012738853503,3.497982128879446,0.5156045476738483,1_KEEP_IMPUTE,Negligible sparsity; median impute (or leave NaN for tree models).,Vesta-engineered feature (masked: ranking/counting/entity relations),numeric (count/flag-like),
ieee,V137,V,double,314,0.0531716733836827,4252,0.0,90750.0,26.365089844530424,0.0,348.3324187271708,0.0,94.55259510763672,MG02,5.414012738853503,3.497982128879446,0.5149553430820952,1_KEEP_IMPUTE,Negligible sparsity; median impute (or leave NaN for tree models).,Vesta-engineered feature (masked: ranking/counting/entity relations),numeric (count/flag-like),
ieee,V138,V,double,508595,86.12371727571376,23,0.0,22.0,0.0364390749893221,0.0,0.4284870004446892,0.0,98.37085850265422,MG49,3.34509776934496,4.454207090121424,0.5211732567467438,1_KEEP_IMPUTE,86.1% null; missingness weakly informative (1.1pp).,Vesta-engineered feature (masked: ranking/counting/entity relations),numeric (count/flag-like),
ieee,V139,V,double,508595,86.12371727571376,34,0.0,33.0,1.073915431081823,1.0,1.3339157351220108,1.0,57.88028555738605,MG49,3.34509776934496,4.454207090121424,0.6586336257235762,1_KEEP_IMPUTE,86.1% null; missingness weakly informative (1.1pp).,Vesta-engineered feature (masked: ranking/counting/entity relations),numeric (count/flag-like),
ieee,V140,V,double,508595,86.12371727571376,34,0.0,33.0,1.12526694734273,1.0,1.4678407710657315,1.0,56.86497040698029,MG49,3.34509776934496,4.454207090121424,0.6769018210893644,1_KEEP_IMPUTE,86.1% null; missingness weakly informative (1.1pp).,Vesta-engineered feature (masked: ranking/counting/entity relations),numeric (count/flag-like),
ieee,V141,V,double,508595,86.12371727571376,6,0.0,5.0,0.037696015620233,0.0,0.2151319080134212,0.0,96.6636158398926,MG49,3.34509776934496,4.454207090121424,0.5343338252674509,1_KEEP_IMPUTE,86.1% null; missingness weakly informative (1.1pp).,Vesta-engineered feature (masked: ranking/counting/entity relations),numeric (count/flag-like),
ieee,V142,V,double,508595,86.12371727571376,10,0.0,9.0,0.048581365550064,0.0,0.3138862703046554,0.0,96.5916163280249,MG49,3.34509776934496,4.454207090121424,0.5348949870834488,1_KEEP_IMPUTE,86.1% null; missingness weakly informative (1.1pp).,Vesta-engineered feature (masked: ranking/counting/entity relations),numeric (count/flag-like),
ieee,V143,V,double,508589,86.12270125647713,870,0.0,869.0,8.397005527693377,0.0,55.26720802267843,0.0,77.93925638491294,MG48,3.344940610198018,4.455101219021122,0.5309677696378081,1_KEEP_IMPUTE,86.1% null; missingness weakly informative (1.1pp).,Vesta-engineered feature (masked: ranking/counting/entity relations),numeric (count/flag-like),
ieee,V144,V,double,508589,86.12270125647713,63,0.0,62.0,3.708484338202096,0.0,10.485569120293256,0.0,76.190650510671,MG48,3.344940610198018,4.455101219021122,0.5498154829429681,1_KEEP_IMPUTE,86.1% null; missingness weakly informative (1.1pp).,Vesta-engineered feature (masked: ranking/counting/entity relations),numeric (count/flag-like),
ieee,V145,V,double,508589,86.12270125647713,260,0.0,297.0,22.112945540627937,0.0,64.37146705236354,0.0,74.72880135690839,MG48,3.344940610198018,4.455101219021122,0.5632846736648718,1_KEEP_IMPUTE,86.1% null; missingness weakly informative (1.1pp).,Vesta-engineered feature (masked: ranking/counting/entity relations),numeric (count/flag-like),
ieee,V146,V,double,508595,86.12371727571376,25,0.0,24.0,0.1562755506742327,0.0,0.6823233388863481,0.0,91.1806699615596,MG49,3.34509776934496,4.454207090121424,0.6344048334932776,1_KEEP_IMPUTE,86.1% null; missingness weakly informative (1.1pp).,Vesta-engineered feature (masked: ranking/counting/entity relations),numeric (count/flag-like),
ieee,V147,V,double,508595,86.12371727571376,27,0.0,26.0,0.168600890841418,0.0,0.750492425585202,0.0,90.9524681188602,MG49,3.34509776934496,4.454207090121424,0.6473056905434049,1_KEEP_IMPUTE,86.1% null; missingness weakly informative (1.1pp).,Vesta-engineered feature (masked: ranking/counting/entity relations),numeric (count/flag-like),
ieee,V148,V,double,508595,86.12371727571376,21,0.0,20.0,0.7650009152480323,1.0,0.5814218846549539,1.0,71.57239611934834,MG49,3.34509776934496,4.454207090121424,0.6358627582544766,1_KEEP_IMPUTE,86.1% null; missingness weakly informative (1.1pp).,Vesta-engineered feature (masked: ranking/counting/entity relations),numeric (count/flag-like),
ieee,V149,V,double,508595,86.12371727571376,21,0.0,20.0,0.7753127097443407,1.0,0.6281871095662578,1.0,71.2307035206541,MG49,3.34509776934496,4.454207090121424,0.6533212743863873,1_KEEP_IMPUTE,86.1% null; missingness weakly informative (1.1pp).,Vesta-engineered feature (masked: ranking/counting/entity relations),numeric (count/flag-like),
ieee,V150,V,double,508589,86.12270125647713,1996,1.0,3389.0,277.5980280899562,1.0,829.5718610458243,1.0,82.43828629302877,MG48,3.344940610198018,4.455101219021122,0.6005612783705229,1_KEEP_IMPUTE,86.1% null; missingness weakly informative (1.1pp).,Vesta-engineered feature (masked: ranking/counting/entity relations),numeric (count/flag-like),V145
ieee,V151,V,double,508589,86.12270125647713,56,1.0,57.0,6.460189625507925,1.0,15.232231107903145,1.0,85.53647911556907,MG48,3.344940610198018,4.455101219021122,0.5369718508164281,1_KEEP_IMPUTE,86.1% null; missingness weakly informative (1.1pp).,Vesta-engineered feature (masked: ranking/counting/entity relations),numeric (count/flag-like),
ieee,V152,V,double,508589,86.12270125647713,39,1.0,69.0,9.432709789996462,1.0,21.554354887533098,1.0,83.05450818171835,MG48,3.344940610198018,4.455101219021122,0.5647932982898368,1_KEEP_IMPUTE,86.1% null; missingness weakly informative (1.1pp).,Vesta-engineered feature (masked: ranking/counting/entity relations),numeric (count/flag-like),
ieee,V153,V,double,508595,86.12371727571376,19,0.0,18.0,0.7532003172859845,1.0,0.5326455754153986,1.0,72.17401915919214,MG49,3.34509776934496,4.454207090121424,0.618588648306764,1_KEEP_IMPUTE,86.1% null; missingness weakly informative (1.1pp).,Vesta-engineered feature (masked: ranking/counting/entity relations),numeric (count/flag-like),
ieee,V154,V,double,508595,86.12371727571376,19,0.0,18.0,0.7574226615412777,1.0,0.546903683122264,1.0,72.03978278113368,MG49,3.34509776934496,4.454207090121424,0.6274861460913108,1_KEEP_IMPUTE,86.1% null; missingness weakly informative (1.1pp).,Vesta-engineered feature (masked: ranking/counting/entity relations),numeric (count/flag-like),V153
ieee,V155,V,double,508595,86.12371727571376,25,0.0,24.0,0.7673805601317957,1.0,0.6026747815132467,1.0,71.49185429251327,MG49,3.34509776934496,4.454207090121424,0.6392307981667508,1_KEEP_IMPUTE,86.1% null; missingness weakly informative (1.1pp).,Vesta-engineered feature (masked: ranking/counting/entity relations),numeric (count/flag-like),
ieee,V156,V,double,508595,86.12371727571376,25,0.0,24.0,0.7774848984074684,1.0,0.6472050390181612,1.0,71.14772103239979,MG49,3.34509776934496,4.454207090121424,0.6563845729227448,1_KEEP_IMPUTE,86.1% null; missingness weakly informative (1.1pp).,Vesta-engineered feature (masked: ranking/counting/entity relations),numeric (count/flag-like),
ieee,V157,V,double,508595,86.12371727571376,25,0.0,24.0,0.8175727622185612,1.0,0.6820117115170923,1.0,67.45988162792116,MG49,3.34509776934496,4.454207090121424,0.6521991169680529,1_KEEP_IMPUTE,86.1% null; missingness weakly informative (1.1pp).,Vesta-engineered feature (masked: ranking/counting/entity relations),numeric (count/flag-like),
ieee,V158,V,double,508595,86.12371727571376,25,0.0,24.0,0.8334614680578437,1.0,0.7343315112237604,1.0,66.8057843675636,MG49,3.34509776934496,4.454207090121424,0.6715854526304187,1_KEEP_IMPUTE,86.1% null; missingness weakly informative (1.1pp).,Vesta-engineered feature (masked: ranking/counting/entity relations),numeric (count/flag-like),
ieee,V159,V,double,508589,86.12270125647713,6663,0.0,55125.0,2719.2997751396206,0.0,8355.394070594119,0.0,83.46084855584435,MG48,3.344940610198018,4.455101219021122,0.4492292652024516,1_KEEP_IMPUTE,86.1% null; missingness weakly informative (1.1pp).,Vesta-engineered feature (masked: ranking/counting/entity relations),numeric (count/flag-like),
ieee,V160,V,double,508589,86.12270125647713,9621,0.0,641511.4375,47453.18117284818,0.0,142075.20232381747,0.0,77.29130822076607,MG48,3.344940610198018,4.455101219021122,0.4729459379382404,1_KEEP_IMPUTE,86.1% null; missingness weakly informative (1.1pp).,Vesta-engineered feature (masked: ranking/counting/entity relations),numeric (count/flag-like),
ieee,V161,V,double,508595,86.12371727571376,79,0.0,3300.0,4.843938007199951,0.0,58.92939744136149,0.0,96.6636158398926,MG49,3.34509776934496,4.454207090121424,0.5345859538958295,1_KEEP_IMPUTE,86.1% null; missingness weakly informative (1.1pp).,Vesta-engineered feature (masked: ranking/counting/entity relations),numeric (count/flag-like),
ieee,V162,V,double,508595,86.12371727571376,185,0.0,3300.0,6.594661053145402,0.0,69.19475798192079,0.0,96.41588870583928,MG49,3.34509776934496,4.454207090121424,0.5382498348798493,1_KEEP_IMPUTE,86.1% null; missingness weakly informative (1.1pp).,Vesta-engineered feature (masked: ranking/counting/entity relations),numeric (count/flag-like),
ieee,V163,V,double,508595,86.12371727571376,106,0.0,3300.0,5.505955213862957,0.0,63.07750182454208,0.0,96.5916163280249,MG49,3.34509776934496,4.454207090121424,0.5352518863063562,1_KEEP_IMPUTE,86.1% null; missingness weakly informative (1.1pp).,Vesta-engineered feature (masked: ranking/counting/entity relations),numeric (count/flag-like),V161
ieee,V164,V,double,508589,86.12270125647713,1978,0.0,93736.0,877.8889283442782,0.0,6049.1295977066575,0.0,77.93925638491294,MG48,3.344940610198018,4.455101219021122,0.5345893163160044,1_KEEP_IMPUTE,86.1% null; missingness weakly informative (1.1pp).,Vesta-engineered feature (masked: ranking/counting/entity relations),numeric (count/flag-like),V143
ieee,V165,V,double,508589,86.12270125647713,2547,0.0,98476.0,2239.912219119266,0.0,8223.208755786554,0.0,76.38466888750595,MG48,3.344940610198018,4.455101219021122,0.5470302228294842,1_KEEP_IMPUTE,86.1% null; missingness weakly informative (1.1pp).,Vesta-engineered feature (masked: ranking/counting/entity relations),numeric (count/flag-like),
ieee,V166,V,double,508589,86.12270125647713,987,0.0,104060.0,359.46943747463,0.0,1244.455677719042,0.0,76.190650510671,MG48,3.344940610198018,4.455101219021122,0.5520124457233326,1_KEEP_IMPUTE,86.1% null; missingness weakly informative (1.1pp).,Vesta-engineered feature (masked: ranking/counting/entity relations),numeric (count/flag-like),
ieee,V167,V,double,450909,76.35536966166559,873,0.0,872.0,3.929514219621717,0.0,42.20082921188079,0.0,76.02967822331718,MG37,2.13435526902324,7.905837528915499,0.6726718969099377,2_KEEP_MISSING_INDICATOR,76.4% null; fraud rate 2.13% if null vs 7.91% if present (5.8pp gap). Use block-level indicator (MG37).,Vesta-engineered feature (masked: ranking/counting/entity relations),numeric (count/flag-like),
ieee,V168,V,double,450909,76.35536966166559,965,0.0,964.0,5.859501113649547,0.0,54.032274633242594,0.0,72.80618200829329,MG37,2.13435526902324,7.905837528915499,0.6850247154283258,2_KEEP_MISSING_INDICATOR,76.4% null; fraud rate 2.13% if null vs 7.91% if present (5.8pp gap). Use block-level indicator (MG37).,Vesta-engineered feature (masked: ranking/counting/entity relations),numeric (count/flag-like),
ieee,V169,V,double,450721,76.32353439225116,20,0.0,19.0,0.1680529827848861,0.0,0.904940736709524,0.0,93.62890594268303,MG36,2.128367659816161,7.917378897002552,0.51369493942553,2_KEEP_MISSING_INDICATOR,76.3% null; fraud rate 2.13% if null vs 7.92% if present (5.8pp gap). Use block-level indicator (MG36).,Vesta-engineered feature (masked: ranking/counting/entity relations),numeric (count/flag-like),
ieee,V170,V,double,450721,76.32353439225116,49,0.0,48.0,1.4367789785365366,1.0,1.751136244036693,1.0,72.60029037541393,MG36,2.128367659816161,7.917378897002552,0.6711210049443697,2_KEEP_MISSING_INDICATOR,76.3% null; fraud rate 2.13% if null vs 7.92% if present (5.8pp gap). Use block-level indicator (MG36).,Vesta-engineered feature (masked: ranking/counting/entity relations),numeric (count/flag-like),
ieee,V171,V,double,450721,76.32353439225116,62,0.0,61.0,1.6909075304500818,1.0,2.4447388732309445,1.0,69.24523848690092,MG36,2.128367659816161,7.917378897002552,0.6775300446462278,2_KEEP_MISSING_INDICATOR,76.3% null; fraud rate 2.13% if null vs 7.92% if present (5.8pp gap). Use block-level indicator (MG36).,Vesta-engineered feature (masked: ranking/counting/entity relations),numeric (count/flag-like),
ieee,V172,V,double,450909,76.35536966166559,32,0.0,31.0,0.1320122322406915,0.0,0.9248909964392368,0.0,92.24312652634444,MG37,2.13435526902324,7.905837528915499,0.4962212542153334,2_KEEP_MISSING_INDICATOR,76.4% null; fraud rate 2.13% if null vs 7.91% if present (5.8pp gap). Use block-level indicator (MG37).,Vesta-engineered feature (masked: ranking/counting/entity relations),numeric (count/flag-like),
ieee,V173,V,double,450909,76.35536966166559,8,0.0,7.0,0.0552312881809913,0.0,0.2644382128520471,0.0,95.15651968402432,MG37,2.13435526902324,7.905837528915499,0.4922273769248425,2_KEEP_MISSING_INDICATOR,76.4% null; fraud rate 2.13% if null vs 7.91% if present (5.8pp gap). Use block-level indicator (MG37).,Vesta-engineered feature (masked: ranking/counting/entity relations),numeric (count/flag-like),
ieee,V174,V,double,450721,76.32353439225116,9,0.0,8.0,0.1277937905434883,0.0,0.3797619952105631,0.0,88.5881031905535,MG36,2.128367659816161,7.917378897002552,0.511348031062842,2_KEEP_MISSING_INDICATOR,76.3% null; fraud rate 2.13% if null vs 7.92% if present (5.8pp gap). Use block-level indicator (MG36).,Vesta-engineered feature (masked: ranking/counting/entity relations),numeric (count/flag-like),
ieee,V175,V,double,450721,76.32353439225116,15,0.0,14.0,0.2126391978200387,0.0,0.857129759877973,0.0,88.38212260136319,MG36,2.128367659816161,7.917378897002552,0.5119353186686506,2_KEEP_MISSING_INDICATOR,76.3% null; fraud rate 2.13% if null vs 7.92% if present (5.8pp gap). Use block-level indicator (MG36).,Vesta-engineered feature (masked: ranking/counting/entity relations),numeric (count/flag-like),
ieee,V176,V,double,450909,76.35536966166559,49,0.0,48.0,1.3769793240755992,1.0,1.8294134783063265,1.0,86.0983592468721,MG37,2.13435526902324,7.905837528915499,0.6487281516391887,2_KEEP_MISSING_INDICATOR,76.4% null; fraud rate 2.13% if null vs 7.91% if present (5.8pp gap). Use block-level indicator (MG37).,Vesta-engineered feature (masked: ranking/counting/entity relations),numeric (count/flag-like),
ieee,V177,V,double,450909,76.35536966166559,862,0.0,861.0,3.529244938444901,0.0,41.3104740455388,0.0,86.65482593406908,MG37,2.13435526902324,7.905837528915499,0.6559666644417003,2_KEEP_MISSING_INDICATOR,76.4% null; fraud rate 2.13% if null vs 7.91% if present (5.8pp gap). Use block-level indicator (MG37).,Vesta-engineered feature (masked: ranking/counting/entity relations),numeric (count/flag-like),V167
ieee,V178,V,double,450909,76.35536966166559,1236,0.0,1235.0,6.64928275239739,0.0,69.44711527472029,0.0,85.10717534071946,MG37,2.13435526902324,7.905837528915499,0.6718782421008651,2_KEEP_MISSING_INDICATOR,76.4% null; fraud rate 2.13% if null vs 7.91% if present (5.8pp gap). Use block-level indicator (MG37).,Vesta-engineered feature (masked: ranking/counting/entity relations),numeric (count/flag-like),V168
ieee,V179,V,double,450909,76.35536966166559,921,0.0,920.0,4.86901189563922,0.0,50.4892456523782,0.0,85.71735502861112,MG37,2.13435526902324,7.905837528915499,0.6680082525484008,2_KEEP_MISSING_INDICATOR,76.4% null; fraud rate 2.13% if null vs 7.91% if present (5.8pp gap). Use block-level indicator (MG37).,Vesta-engineered feature (masked: ranking/counting/entity relations),numeric (count/flag-like),V168
ieee,V180,V,double,450721,76.32353439225116,84,0.0,83.0,0.9241233308777776,0.0,6.112608108547408,0.0,87.93154006250938,MG36,2.128367659816161,7.917378897002552,0.5571535750011491,2_KEEP_MISSING_INDICATOR,76.3% null; fraud rate 2.13% if null vs 7.92% if present (5.8pp gap). Use block-level indicator (MG36).,Vesta-engineered feature (masked: ranking/counting/entity relations),numeric (count/flag-like),
ieee,V181,V,double,450909,76.35536966166559,25,0.0,24.0,0.2533319964764272,0.0,1.2489695741822489,0.0,89.89264561594489,MG37,2.13435526902324,7.905837528915499,0.5479685164697611,2_KEEP_MISSING_INDICATOR,76.4% null; fraud rate 2.13% if null vs 7.91% if present (5.8pp gap). Use block-level indicator (MG37).,Vesta-engineered feature (masked: ranking/counting/entity relations),numeric (count/flag-like),
ieee,V182,V,double,450909,76.35536966166559,84,0.0,83.0,0.8562425249407366,0.0,5.79291328185108,0.0,88.19101775393716,MG37,2.13435526902324,7.905837528915499,0.5569344665439734,2_KEEP_MISSING_INDICATOR,76.4% null; fraud rate 2.13% if null vs 7.91% if present (5.8pp gap). Use block-level indicator (MG37).,Vesta-engineered feature (masked: ranking/counting/entity relations),numeric (count/flag-like),
ieee,V183,V,double,450909,76.35536966166559,42,0.0,41.0,0.4846917948020138,0.0,2.9469714005983607,0.0,88.88284120288475,MG37,2.13435526902324,7.905837528915499,0.55459176873418,2_KEEP_MISSING_INDICATOR,76.4% null; fraud rate 2.13% if null vs 7.91% if present (5.8pp gap). Use block-level indicator (MG37).,Vesta-engineered feature (masked: ranking/counting/entity relations),numeric (count/flag-like),
ieee,V184,V,double,450721,76.32353439225116,17,0.0,16.0,0.1323639848661483,0.0,0.543696635632944,0.0,91.44322302405251,MG36,2.128367659816161,7.917378897002552,0.5603462176494711,2_KEEP_MISSING_INDICATOR,76.3% null; fraud rate 2.13% if null vs 7.92% if present (5.8pp gap). Use block-level indicator (MG36).,Vesta-engineered feature (masked: ranking/counting/entity relations),numeric (count/flag-like),
ieee,V185,V,double,450721,76.32353439225116,32,0.0,31.0,0.1739034036861943,0.0,0.6997303584001313,0.0,90.15727476237136,MG36,2.128367659816161,7.917378897002552,0.5572171083525943,2_KEEP_MISSING_INDICATOR,76.3% null; fraud rate 2.13% if null vs 7.92% if present (5.8pp gap). Use block-level indicator (MG36).,Vesta-engineered feature (masked: ranking/counting/entity relations),numeric (count/flag-like),
ieee,V186,V,double,450909,76.35536966166559,39,0.0,38.0,1.148799335391138,1.0,1.223524749988688,1.0,94.70318195816115,MG37,2.13435526902324,7.905837528915499,0.6421081814537378,2_KEEP_MISSING_INDICATOR,76.4% null; fraud rate 2.13% if null vs 7.91% if present (5.8pp gap). Use block-level indicator (MG37).,Vesta-engineered feature (masked: ranking/counting/entity relations),numeric (count/flag-like),
ieee,V187,V,double,450909,76.35536966166559,215,0.0,218.0,1.8437524618458647,1.0,9.884354744608398,1.0,93.15696371149672,MG37,2.13435526902324,7.905837528915499,0.6671071778096284,2_KEEP_MISSING_INDICATOR,76.4% null; fraud rate 2.13% if null vs 7.91% if present (5.8pp gap). Use block-level indicator (MG37).,Vesta-engineered feature (masked: ranking/counting/entity relations),numeric (count/flag-like),
ieee,V188,V,double,450721,76.32353439225116,31,0.0,30.0,1.014754790121514,1.0,0.6712041635760999,1.0,88.64317438974675,MG36,2.128367659816161,7.917378897002552,0.6414140636926076,2_KEEP_MISSING_INDICATOR,76.3% null; fraud rate 2.13% if null vs 7.92% if present (5.8pp gap). Use block-level indicator (MG36).,Vesta-engineered feature (masked: ranking/counting/entity relations),numeric (count/flag-like),
ieee,V189,V,double,450721,76.32353439225116,31,0.0,30.0,1.038313820010156,1.0,0.7925250705359875,1.0,88.08745592516038,MG36,2.128367659816161,7.917378897002552,0.6543718359924747,2_KEEP_MISSING_INDICATOR,76.3% null; fraud rate 2.13% if null vs 7.92% if present (5.8pp gap). Use block-level indicator (MG36).,Vesta-engineered feature (masked: ranking/counting/entity relations),numeric (count/flag-like),
ieee,V190,V,double,450909,76.35536966166559,43,0.0,42.0,1.2130830546225408,1.0,1.480313044672573,1.0,92.27607050010384,MG37,2.13435526902324,7.905837528915499,0.6741008372360133,2_KEEP_MISSING_INDICATOR,76.4% null; fraud rate 2.13% if null vs 7.91% if present (5.8pp gap). Use block-level indicator (MG37).,Vesta-engineered feature (masked: ranking/counting/entity relations),numeric (count/flag-like),
ieee,V191,V,double,450909,76.35536966166559,22,0.0,21.0,1.0589840364961935,1.0,0.6775248715389438,1.0,98.0355365212596,MG37,2.13435526902324,7.905837528915499,0.553152169928863,2_KEEP_MISSING_INDICATOR,76.4% null; fraud rate 2.13% if null vs 7.91% if present (5.8pp gap). Use block-level indicator (MG37).,Vesta-engineered feature (masked: ranking/counting/entity relations),numeric (count/flag-like),
ieee,V192,V,double,450909,76.35536966166559,45,0.0,44.0,1.23736133093654,1.0,2.635952030665325,1.0,97.39527755297892,MG37,2.13435526902324,7.905837528915499,0.5666573398280935,2_KEEP_MISSING_INDICATOR,76.4% null; fraud rate 2.13% if null vs 7.91% if present (5.8pp gap). Use block-level indicator (MG37).,Vesta-engineered feature (masked: ranking/counting/entity relations),numeric (count/flag-like),
ieee,V193,V,double,450909,76.35536966166559,38,0.0,37.0,1.149844948471328,1.0,1.7147861915328444,1.0,97.70323209029512,MG37,2.13435526902324,7.905837528915499,0.5599618388543213,2_KEEP_MISSING_INDICATOR,76.4% null; fraud rate 2.13% if null vs 7.91% if present (5.8pp gap). Use block-level indicator (MG37).,Vesta-engineered feature (masked: ranking/counting/entity relations),numeric (count/flag-like),
ieee,V194,V,double,450721,76.32353439225116,8,0.0,7.0,0.9457727490541342,1.0,0.3041568385783019,1.0,91.91097061200551,MG36,2.128367659816161,7.917378897002552,0.5573415604290957,2_KEEP_MISSING_INDICATOR,76.3% null; fraud rate 2.13% if null vs 7.92% if present (5.8pp gap). Use block-level indicator (MG36).,Vesta-engineered feature (masked: ranking/counting/entity relations),numeric (count/flag-like),
ieee,V195,V,double,450721,76.32353439225116,17,0.0,16.0,0.9542265357354864,1.0,0.3764182309481411,1.0,91.72787675494747,MG36,2.128367659816161,7.917378897002552,0.563493975234952,2_KEEP_MISSING_INDICATOR,76.3% null; fraud rate 2.13% if null vs 7.92% if present (5.8pp gap). Use block-level indicator (MG36).,Vesta-engineered feature (masked: ranking/counting/entity relations),numeric (count/flag-like),
ieee,V196,V,double,450909,76.35536966166559,39,0.0,38.0,1.084580071760569,1.0,1.1058298259237194,1.0,98.05200850813932,MG37,2.13435526902324,7.905837528915499,0.5460174121030933,2_KEEP_MISSING_INDICATOR,76.4% null; fraud rate 2.13% if null vs 7.91% if present (5.8pp gap). Use block-level indicator (MG37).,Vesta-engineered feature (masked: ranking/counting/entity relations),numeric (count/flag-like),
ieee,V197,V,double,450721,76.32353439225116,15,0.0,14.0,0.949384561468756,1.0,0.3368693536025838,1.0,91.84660167788356,MG36,2.128367659816161,7.917378897002552,0.5528108545732173,2_KEEP_MISSING_INDICATOR,76.3% null; fraud rate 2.13% if null vs 7.92% if present (5.8pp gap). Use block-level indicator (MG36).,Vesta-engineered feature (masked: ranking/counting/entity relations),numeric (count/flag-like),
ieee,V198,V,double,450721,76.32353439225116,22,0.0,21.0,0.9619508078301232,1.0,0.4930631764956345,1.0,91.74432659366752,MG36,2.128367659816161,7.917378897002552,0.5572890546056144,2_KEEP_MISSING_INDICATOR,76.3% null; fraud rate 2.13% if null vs 7.92% if present (5.8pp gap). Use block-level indicator (MG36).,Vesta-engineered feature (masked: ranking/counting/entity relations),numeric (count/flag-like),
ieee,V199,V,double,450909,76.35536966166559,46,0.0,45.0,1.270749332168358,1.0,1.6718567848837496,1.0,89.72148018706447,MG37,2.13435526902324,7.905837528915499,0.6935735836412584,2_KEEP_MISSING_INDICATOR,76.4% null; fraud rate 2.13% if null vs 7.91% if present (5.8pp gap). Use block-level indicator (MG37).,Vesta-engineered feature (masked: ranking/counting/entity relations),numeric (count/flag-like),
ieee,V200,V,double,450721,76.32353439225116,46,0.0,45.0,1.1199765410995643,1.0,1.2538482194050418,1.0,84.21602214291333,MG36,2.128367659816161,7.917378897002552,0.6842355520387023,2_KEEP_MISSING_INDICATOR,76.3% null; fraud rate 2.13% if null vs 7.92% if present (5.8pp gap). Use block-level indicator (MG36).,Vesta-engineered feature (masked: ranking/counting/entity relations),numeric (count/flag-like),
ieee,V201,V,double,450721,76.32353439225116,56,0.0,55.0,1.159105700941932,1.0,1.41861298039796,1.0,83.25907065563335,MG36,2.128367659816161,7.917378897002552,0.6965886517300319,2_KEEP_MISSING_INDICATOR,76.3% null; fraud rate 2.13% if null vs 7.92% if present (5.8pp gap). Use block-level indicator (MG36).,Vesta-engineered feature (masked: ranking/counting/entity relations),numeric (count/flag-like),
ieee,V202,V,double,450909,76.35536966166559,10970,0.0,104060.0,444.1471422209332,0.0,4683.811646485818,0.0,76.02967822331718,MG37,2.13435526902324,7.905837528915499,0.6674082854838765,2_KEEP_MISSING_INDICATOR,76.4% null; fraud rate 2.13% if null vs 7.91% if present (5.8pp gap). Use block-level indicator (MG37).,Vesta-engineered feature (masked: ranking/counting/entity relations),numeric (count/flag-like),V167
ieee,V203,V,double,450909,76.35536966166559,14951,0.0,139777.0,1078.3275380768232,0.0,9105.575385189724,0.0,70.33323545630985,MG37,2.13435526902324,7.905837528915499,0.67952193878811,2_KEEP_MISSING_INDICATOR,76.4% null; fraud rate 2.13% if null vs 7.91% if present (5.8pp gap). Use block-level indicator (MG37).,Vesta-engineered feature (masked: ranking/counting/entity relations),numeric (count/flag-like),
ieee,V204,V,double,450909,76.35536966166559,12858,0.0,104060.0,686.9569308033108,0.0,6048.959055546111,0.0,72.80618200829329,MG37,2.13435526902324,7.905837528915499,0.6807217746449936,2_KEEP_MISSING_INDICATOR,76.4% null; fraud rate 2.13% if null vs 7.91% if present (5.8pp gap). Use block-level indicator (MG37).,Vesta-engineered feature (masked: ranking/counting/entity relations),numeric (count/flag-like),V168
ieee,V205,V,double,450909,76.35536966166559,2240,0.0,55125.0,18.06041661917832,0.0,266.5444962969982,0.0,92.24312652634444,MG37,2.13435526902324,7.905837528915499,0.4963927497098949,2_KEEP_MISSING_INDICATOR,76.4% null; fraud rate 2.13% if null vs 7.91% if present (5.8pp gap). Use block-level indicator (MG37).,Vesta-engineered feature (masked: ranking/counting/entity relations),numeric (count/flag-like),
ieee,V206,V,double,450909,76.35536966166559,1780,0.0,55125.0,6.189360056666066,0.0,191.4733288056021,0.0,95.15651968402432,MG37,2.13435526902324,7.905837528915499,0.4922240448292171,2_KEEP_MISSING_INDICATOR,76.4% null; fraud rate 2.13% if null vs 7.91% if present (5.8pp gap). Use block-level indicator (MG37).,Vesta-engineered feature (masked: ranking/counting/entity relations),numeric (count/flag-like),
ieee,V207,V,double,450909,76.35536966166559,3246,0.0,55125.0,72.28409784694104,0.0,925.6733454011188,0.0,88.1509120467518,MG37,2.13435526902324,7.905837528915499,0.5008716170409564,2_KEEP_MISSING_INDICATOR,76.4% null; fraud rate 2.13% if null vs 7.91% if present (5.8pp gap). Use block-level indicator (MG37).,Vesta-engineered feature (masked: ranking/counting/entity relations),numeric (count/flag-like),
ieee,V208,V,double,450721,76.32353439225116,2552,0.0,3300.0,8.888193245857666,0.0,59.0469136901292,0.0,88.5881031905535,MG36,2.128367659816161,7.917378897002552,0.5114906546699624,2_KEEP_MISSING_INDICATOR,76.3% null; fraud rate 2.13% if null vs 7.92% if present (5.8pp gap). Use block-level indicator (MG36).,Vesta-engineered feature (masked: ranking/counting/entity relations),numeric (count/flag-like),
ieee,V209,V,double,450721,76.32353439225116,3451,0.0,8050.0,35.00187177443491,0.0,250.79992542312763,0.0,87.76632646492966,MG36,2.128367659816161,7.917378897002552,0.5106030491756812,2_KEEP_MISSING_INDICATOR,76.3% null; fraud rate 2.13% if null vs 7.92% if present (5.8pp gap). Use block-level indicator (MG36).,Vesta-engineered feature (masked: ranking/counting/entity relations),numeric (count/flag-like),
ieee,V210,V,double,450721,76.32353439225116,2836,0.0,3300.0,14.391834928471646,0.0,86.52341463153535,0.0,88.38212260136319,MG36,2.128367659816161,7.917378897002552,0.5124514100645385,2_KEEP_MISSING_INDICATOR,76.3% null; fraud rate 2.13% if null vs 7.92% if present (5.8pp gap). Use block-level indicator (MG36).,Vesta-engineered feature (masked: ranking/counting/entity relations),numeric (count/flag-like),
ieee,V211,V,double,450909,76.35536966166559,7624,0.0,92888.0,385.1370373715462,0.0,4541.821650798264,0.0,86.65482593406908,MG37,2.13435526902324,7.905837528915499,0.6540842808488907,2_KEEP_MISSING_INDICATOR,76.4% null; fraud rate 2.13% if null vs 7.91% if present (5.8pp gap). Use block-level indicator (MG37).,Vesta-engineered feature (masked: ranking/counting/entity relations),numeric (count/flag-like),V167
ieee,V212,V,double,450909,76.35536966166559,8868,0.0,129006.0,765.9883389453579,0.0,7496.093894702179,0.0,85.10717534071946,MG37,2.13435526902324,7.905837528915499,0.6706348410309448,2_KEEP_MISSING_INDICATOR,76.4% null; fraud rate 2.13% if null vs 7.91% if present (5.8pp gap). Use block-level indicator (MG37).,Vesta-engineered feature (masked: ranking/counting/entity relations),numeric (count/flag-like),
ieee,V213,V,double,450909,76.35536966166559,8317,0.0,97628.0,536.3028021990133,0.0,5471.645143056905,0.0,85.71735502861112,MG37,2.13435526902324,7.905837528915499,0.666393042088958,2_KEEP_MISSING_INDICATOR,76.4% null; fraud rate 2.13% if null vs 7.91% if present (5.8pp gap). Use block-level indicator (MG37).,Vesta-engineered feature (masked: ranking/counting/entity relations),numeric (count/flag-like),V168
ieee,V214,V,double,450909,76.35536966166559,2282,0.0,104060.0,38.43754734545601,0.0,571.8322354893169,0.0,89.89264561594489,MG37,2.13435526902324,7.905837528915499,0.5474950862649547,2_KEEP_MISSING_INDICATOR,76.4% null; fraud rate 2.13% if null vs 7.91% if present (5.8pp gap). Use block-level indicator (MG37).,Vesta-engineered feature (masked: ranking/counting/entity relations),numeric (count/flag-like),
ieee,V215,V,double,450909,76.35536966166559,2747,0.0,104060.0,133.20821668528237,0.0,1040.4500224690598,0.0,88.19101775393716,MG37,2.13435526902324,7.905837528915499,0.5567034698953205,2_KEEP_MISSING_INDICATOR,76.4% null; fraud rate 2.13% if null vs 7.91% if present (5.8pp gap). Use block-level indicator (MG37).,Vesta-engineered feature (masked: ranking/counting/entity relations),numeric (count/flag-like),
ieee,V216,V,double,450909,76.35536966166559,2532,0.0,104060.0,71.1071429504061,0.0,680.2651886930687,0.0,88.88284120288475,MG37,2.13435526902324,7.905837528915499,0.5542823304686384,2_KEEP_MISSING_INDICATOR,76.4% null; fraud rate 2.13% if null vs 7.91% if present (5.8pp gap). Use block-level indicator (MG37).,Vesta-engineered feature (masked: ranking/counting/entity relations),numeric (count/flag-like),
ieee,V217,V,double,460110,77.91343516103905,304,0.0,303.0,1.0546193360423215,0.0,9.547317723718352,0.0,75.35459633519896,MG43,2.2757601443133164,7.814153185616806,0.716264961038942,2_KEEP_MISSING_INDICATOR,77.9% null; fraud rate 2.28% if null vs 7.81% if present (5.5pp gap). Use block-level indicator (MG43).,Vesta-engineered feature (masked: ranking/counting/entity relations),numeric (count/flag-like),
ieee,V218,V,double,460110,77.91343516103905,401,0.0,400.0,1.7257839454113315,0.0,13.91982232522502,0.0,69.25860614889213,MG43,2.2757601443133164,7.814153185616806,0.7377463265197756,2_KEEP_MISSING_INDICATOR,77.9% null; fraud rate 2.28% if null vs 7.81% if present (5.5pp gap). Use block-level indicator (MG43).,Vesta-engineered feature (masked: ranking/counting/entity relations),numeric (count/flag-like),
ieee,V219,V,double,460110,77.91343516103905,379,0.0,378.0,1.3671317948324773,0.0,12.043985454664664,0.0,72.32768534846278,MG43,2.2757601443133164,7.814153185616806,0.734394872037283,2_KEEP_MISSING_INDICATOR,77.9% null; fraud rate 2.28% if null vs 7.81% if present (5.5pp gap). Use block-level indicator (MG43).,Vesta-engineered feature (masked: ranking/counting/entity relations),numeric (count/flag-like),V217
ieee,V220,V,double,449124,76.0531039387679,26,0.0,25.0,0.1694716298014369,0.0,1.0024593665772294,0.0,94.08199920801042,MG30,2.15552943062495,7.765740793121005,0.5157331974162427,2_KEEP_MISSING_INDICATOR,76.1% null; fraud rate 2.16% if null vs 7.77% if present (5.6pp gap). Use block-level indicator (MG30).,Vesta-engineered feature (masked: ranking/counting/entity relations),numeric (count/flag-like),
ieee,V221,V,double,449124,76.0531039387679,77,0.0,384.0,1.27491231543814,1.0,2.728782225081769,1.0,58.490552695593145,MG30,2.15552943062495,7.765740793121005,0.5903736447884601,2_KEEP_MISSING_INDICATOR,76.1% null; fraud rate 2.16% if null vs 7.77% if present (5.6pp gap). Use block-level indicator (MG30).,Vesta-engineered feature (masked: ranking/counting/entity relations),numeric (count/flag-like),
ieee,V222,V,double,449124,76.0531039387679,76,0.0,384.0,1.3590046387961758,1.0,2.9137614925273416,1.0,56.80686768116762,MG30,2.15552943062495,7.765740793121005,0.608409155599716,2_KEEP_MISSING_INDICATOR,76.1% null; fraud rate 2.16% if null vs 7.77% if present (5.6pp gap). Use block-level indicator (MG30).,Vesta-engineered feature (masked: ranking/counting/entity relations),numeric (count/flag-like),
ieee,V223,V,double,460110,77.91343516103905,17,0.0,16.0,0.0931534156252395,0.0,0.4022304790510607,0.0,92.39822126811316,MG43,2.2757601443133164,7.814153185616806,0.503956565667914,2_KEEP_MISSING_INDICATOR,77.9% null; fraud rate 2.28% if null vs 7.81% if present (5.5pp gap). Use block-level indicator (MG43).,Vesta-engineered feature (masked: ranking/counting/entity relations),numeric (count/flag-like),
ieee,V224,V,double,460110,77.91343516103905,79,0.0,144.0,0.3947481407651614,0.0,3.4432971625776667,0.0,85.91045004983516,MG43,2.2757601443133164,7.814153185616806,0.5297068005402576,2_KEEP_MISSING_INDICATOR,77.9% null; fraud rate 2.28% if null vs 7.81% if present (5.5pp gap). Use block-level indicator (MG43).,Vesta-engineered feature (masked: ranking/counting/entity relations),numeric (count/flag-like),
ieee,V225,V,double,460110,77.91343516103905,35,0.0,51.0,0.191758031127808,0.0,1.29081510420345,0.0,89.1842367553477,MG43,2.2757601443133164,7.814153185616806,0.5225971078508264,2_KEEP_MISSING_INDICATOR,77.9% null; fraud rate 2.28% if null vs 7.81% if present (5.5pp gap). Use block-level indicator (MG43).,Vesta-engineered feature (masked: ranking/counting/entity relations),numeric (count/flag-like),
ieee,V226,V,double,460110,77.91343516103905,81,0.0,242.0,0.2476117457640113,0.0,2.7564386315972285,0.0,93.82120677758184,MG43,2.2757601443133164,7.814153185616806,0.518719394655336,2_KEEP_MISSING_INDICATOR,77.9% null; fraud rate 2.28% if null vs 7.81% if present (5.5pp gap). Use block-level indicator (MG43).,Vesta-engineered feature (masked: ranking/counting/entity relations),numeric (count/flag-like),
ieee,V227,V,double,449124,76.0531039387679,50,0.0,360.0,0.1479747694744583,0.0,2.04935613134401,0.0,90.82140634723086,MG30,2.15552943062495,7.765740793121005,0.5299192142387723,2_KEEP_MISSING_INDICATOR,76.1% null; fraud rate 2.16% if null vs 7.77% if present (5.6pp gap). Use block-level indicator (MG30).,Vesta-engineered feature (masked: ranking/counting/entity relations),numeric (count/flag-like),
ieee,V228,V,double,460110,77.91343516103905,55,0.0,54.0,1.3519282373687036,1.0,1.4097169661936475,1.0,85.15372230315111,MG43,2.2757601443133164,7.814153185616806,0.68030738046869,2_KEEP_MISSING_INDICATOR,77.9% null; fraud rate 2.28% if null vs 7.81% if present (5.5pp gap). Use block-level indicator (MG43).,Vesta-engineered feature (masked: ranking/counting/entity relations),numeric (count/flag-like),
ieee,V229,V,double,460110,77.91343516103905,91,0.0,176.0,1.638710419382044,1.0,4.316009497529962,1.0,79.74162385954152,MG43,2.2757601443133164,7.814153185616806,0.7122721830150682,2_KEEP_MISSING_INDICATOR,77.9% null; fraud rate 2.28% if null vs 7.81% if present (5.5pp gap). Use block-level indicator (MG43).,Vesta-engineered feature (masked: ranking/counting/entity relations),numeric (count/flag-like),
ieee,V230,V,double,460110,77.91343516103905,66,0.0,65.0,1.465475734110251,1.0,2.12277464145755,1.0,82.687265199724,MG43,2.2757601443133164,7.814153185616806,0.7032723317454657,2_KEEP_MISSING_INDICATOR,77.9% null; fraud rate 2.28% if null vs 7.81% if present (5.5pp gap). Use block-level indicator (MG43).,Vesta-engineered feature (masked: ranking/counting/entity relations),numeric (count/flag-like),
ieee,V231,V,double,460110,77.91343516103905,294,0.0,293.0,0.7655064019014031,0.0,8.877084536326002,0.0,86.54834010580387,MG43,2.2757601443133164,7.814153185616806,0.6911187646985755,2_KEEP_MISSING_INDICATOR,77.9% null; fraud rate 2.28% if null vs 7.81% if present (5.5pp gap). Use block-level indicator (MG43).,Vesta-engineered feature (masked: ranking/counting/entity relations),numeric (count/flag-like),V217
ieee,V232,V,double,460110,77.91343516103905,338,0.0,337.0,1.0055968718853026,0.0,10.46021290086796,0.0,84.80947634746607,MG43,2.2757601443133164,7.814153185616806,0.7125992239932925,2_KEEP_MISSING_INDICATOR,77.9% null; fraud rate 2.28% if null vs 7.81% if present (5.5pp gap). Use block-level indicator (MG43).,Vesta-engineered feature (masked: ranking/counting/entity relations),numeric (count/flag-like),V217
ieee,V233,V,double,460110,77.91343516103905,333,0.0,332.0,0.9083876408801655,0.0,10.149845016536045,0.0,85.68274170052902,MG43,2.2757601443133164,7.814153185616806,0.7041461342545814,2_KEEP_MISSING_INDICATOR,77.9% null; fraud rate 2.28% if null vs 7.81% if present (5.5pp gap). Use block-level indicator (MG43).,Vesta-engineered feature (masked: ranking/counting/entity relations),numeric (count/flag-like),V217
ieee,V234,V,double,449124,76.0531039387679,122,0.0,121.0,2.0928466368727725,0.0,11.3229959524805,0.0,85.15019516886349,MG30,2.15552943062495,7.765740793121005,0.576005316652309,2_KEEP_MISSING_INDICATOR,76.1% null; fraud rate 2.16% if null vs 7.77% if present (5.6pp gap). Use block-level indicator (MG30).,Vesta-engineered feature (masked: ranking/counting/entity relations),numeric (count/flag-like),
ieee,V235,V,double,460110,77.91343516103905,24,0.0,23.0,0.1841064172352986,0.0,0.9026359237523096,0.0,90.25837614045848,MG43,2.2757601443133164,7.814153185616806,0.5652648721715015,2_KEEP_MISSING_INDICATOR,77.9% null; fraud rate 2.28% if null vs 7.81% if present (5.5pp gap). Use block-level indicator (MG43).,Vesta-engineered feature (masked: ranking/counting/entity relations),numeric (count/flag-like),
ieee,V236,V,double,460110,77.91343516103905,46,0.0,45.0,0.3076669477880855,0.0,2.1523237159647155,0.0,88.60384880778962,MG43,2.2757601443133164,7.814153185616806,0.5897412517208478,2_KEEP_MISSING_INDICATOR,77.9% null; fraud rate 2.28% if null vs 7.81% if present (5.5pp gap). Use block-level indicator (MG43).,Vesta-engineered feature (masked: ranking/counting/entity relations),numeric (count/flag-like),
ieee,V237,V,double,460110,77.91343516103905,40,0.0,39.0,0.253499961665261,0.0,1.7166271703668523,0.0,89.4801809399678,MG43,2.2757601443133164,7.814153185616806,0.5777578391716972,2_KEEP_MISSING_INDICATOR,77.9% null; fraud rate 2.28% if null vs 7.81% if present (5.5pp gap). Use block-level indicator (MG43).,Vesta-engineered feature (masked: ranking/counting/entity relations),numeric (count/flag-like),
ieee,V238,V,double,449124,76.0531039387679,24,0.0,23.0,0.1279558182949595,0.0,0.574655396441056,0.0,92.03909034338406,MG30,2.15552943062495,7.765740793121005,0.5608810717303082,2_KEEP_MISSING_INDICATOR,76.1% null; fraud rate 2.16% if null vs 7.77% if present (5.6pp gap). Use block-level indicator (MG30).,Vesta-engineered feature (masked: ranking/counting/entity relations),numeric (count/flag-like),
ieee,V239,V,double,449124,76.0531039387679,24,0.0,23.0,0.1369646998925157,0.0,0.6162581244680572,0.0,91.72441590767664,MG30,2.15552943062495,7.765740793121005,0.5705622550374652,2_KEEP_MISSING_INDICATOR,76.1% null; fraud rate 2.16% if null vs 7.77% if present (5.6pp gap). Use block-level indicator (MG30).,Vesta-engineered feature (masked: ranking/counting/entity relations),numeric (count/flag-like),
ieee,V240,V,double,460110,77.91343516103905,6,0.0,7.0,1.0009967032124512,1.0,0.0495220140431876,1.0,99.92333052211914,MG43,2.2757601443133164,7.814153185616806,0.5004073173991155,4_DROP_LOW_INFO,"Near-constant (99.923% one value); only 100 minority rows. Its missingness is captured by the block indicator, not by this column.",Vesta-engineered feature (masked: ranking/counting/entity relations),numeric (count/flag-like),
ieee,V241,V,double,460110,77.91343516103905,5,0.0,5.0,1.0002376753814306,1.0,0.0226633848357829,1.0,99.97239898796288,MG43,2.2757601443133164,7.814153185616806,0.5001130578362595,4_DROP_LOW_INFO,"Near-constant (99.972% one value); only 36 minority rows. Its missingness is captured by the block indicator, not by this column.",Vesta-engineered feature (masked: ranking/counting/entity relations),numeric (count/flag-like),
ieee,V242,V,double,460110,77.91343516103905,21,0.0,20.0,1.1134631603158782,1.0,0.6601077390664223,1.0,94.02744767308134,MG43,2.2757601443133164,7.814153185616806,0.6746930266581693,2_KEEP_MISSING_INDICATOR,77.9% null; fraud rate 2.28% if null vs 7.81% if present (5.5pp gap). Use block-level indicator (MG43).,Vesta-engineered feature (masked: ranking/counting/entity relations),numeric (count/flag-like),
ieee,V243,V,double,460110,77.91343516103905,43,0.0,57.0,1.178386874185387,1.0,1.3989472405626506,1.0,92.19121367783484,MG43,2.2757601443133164,7.814153185616806,0.694628328870007,2_KEEP_MISSING_INDICATOR,77.9% null; fraud rate 2.28% if null vs 7.81% if present (5.5pp gap). Use block-level indicator (MG43).,Vesta-engineered feature (masked: ranking/counting/entity relations),numeric (count/flag-like),
ieee,V244,V,double,460110,77.91343516103905,23,0.0,22.0,1.1185616805949552,1.0,0.6988043708053023,1.0,93.98374607068926,MG43,2.2757601443133164,7.814153185616806,0.6792510049175624,2_KEEP_MISSING_INDICATOR,77.9% null; fraud rate 2.28% if null vs 7.81% if present (5.5pp gap). Use block-level indicator (MG43).,Vesta-engineered feature (masked: ranking/counting/entity relations),numeric (count/flag-like),
ieee,V245,V,double,449124,76.0531039387679,58,0.0,262.0,0.8766193358601573,1.0,1.8210582475280448,1.0,72.83122136109068,MG30,2.15552943062495,7.765740793121005,0.5694274087789856,2_KEEP_MISSING_INDICATOR,76.1% null; fraud rate 2.16% if null vs 7.77% if present (5.6pp gap). Use block-level indicator (MG30).,Vesta-engineered feature (masked: ranking/counting/entity relations),numeric (count/flag-like),
ieee,V246,V,double,460110,77.91343516103905,46,0.0,45.0,1.1837230698458945,1.0,1.0403587957821956,1.0,91.5234225254926,MG43,2.2757601443133164,7.814153185616806,0.7070702026407437,2_KEEP_MISSING_INDICATOR,77.9% null; fraud rate 2.28% if null vs 7.81% if present (5.5pp gap). Use block-level indicator (MG43).,Vesta-engineered feature (masked: ranking/counting/entity relations),numeric (count/flag-like),
ieee,V247,V,double,460110,77.91343516103905,19,0.0,18.0,1.0253545963351989,1.0,0.2816032830615568,1.0,98.27493674768075,MG43,2.2757601443133164,7.814153185616806,0.5651997369333136,2_KEEP_MISSING_INDICATOR,77.9% null; fraud rate 2.28% if null vs 7.81% if present (5.5pp gap). Use block-level indicator (MG43).,Vesta-engineered feature (masked: ranking/counting/entity relations),numeric (count/flag-like),
ieee,V248,V,double,460110,77.91343516103905,23,0.0,36.0,1.0694932147512075,1.0,0.8883380393420667,1.0,96.26159625852948,MG43,2.2757601443133164,7.814153185616806,0.5861423309069926,2_KEEP_MISSING_INDICATOR,77.9% null; fraud rate 2.28% if null vs 7.81% if present (5.5pp gap). Use block-level indicator (MG43).,Vesta-engineered feature (masked: ranking/counting/entity relations),numeric (count/flag-like),
ieee,V249,V,double,460110,77.91343516103905,23,0.0,22.0,1.0428505711876102,1.0,0.5288104411723361,1.0,97.52127578011194,MG43,2.2757601443133164,7.814153185616806,0.5770291329313554,2_KEEP_MISSING_INDICATOR,77.9% null; fraud rate 2.28% if null vs 7.81% if present (5.5pp gap). Use block-level indicator (MG43).,Vesta-engineered feature (masked: ranking/counting/entity relations),numeric (count/flag-like),
ieee,V250,V,double,449124,76.0531039387679,19,0.0,18.0,0.7885882785540533,1.0,0.4883842211902121,1.0,75.93624483792499,MG30,2.15552943062495,7.765740793121005,0.5070769175297988,2_KEEP_MISSING_INDICATOR,76.1% null; fraud rate 2.16% if null vs 7.77% if present (5.6pp gap). Use block-level indicator (MG30).,Vesta-engineered feature (masked: ranking/counting/entity relations),numeric (count/flag-like),
ieee,V251,V,double,449124,76.0531039387679,19,0.0,18.0,0.7942312043898851,1.0,0.5012383108509679,1.0,75.61520620014709,MG30,2.15552943062495,7.765740793121005,0.5157722594638852,2_KEEP_MISSING_INDICATOR,76.1% null; fraud rate 2.16% if null vs 7.77% if present (5.6pp gap). Use block-level indicator (MG30).,Vesta-engineered feature (masked: ranking/counting/entity relations),numeric (count/flag-like),V250
ieee,V252,V,double,460110,77.91343516103905,25,0.0,24.0,1.0320478417541976,1.0,0.389544012230057,1.0,98.2795369163536,MG43,2.2757601443133164,7.814153185616806,0.5546097562897427,2_KEEP_MISSING_INDICATOR,77.9% null; fraud rate 2.28% if null vs 7.81% if present (5.5pp gap). Use block-level indicator (MG43).,Vesta-engineered feature (masked: ranking/counting/entity relations),numeric (count/flag-like),
ieee,V253,V,double,460110,77.91343516103905,66,0.0,163.0,1.1621636126657977,1.0,3.6125394728830464,1.0,95.915050218508,MG43,2.2757601443133164,7.814153185616806,0.5678092212382908,2_KEEP_MISSING_INDICATOR,77.9% null; fraud rate 2.28% if null vs 7.81% if present (5.5pp gap). Use block-level indicator (MG43).,Vesta-engineered feature (masked: ranking/counting/entity relations),numeric (count/flag-like),
ieee,V254,V,double,460110,77.91343516103905,45,0.0,60.0,1.0751130874798742,1.0,1.357544893668995,1.0,97.36717012957142,MG43,2.2757601443133164,7.814153185616806,0.5624303069026911,2_KEEP_MISSING_INDICATOR,77.9% null; fraud rate 2.28% if null vs 7.81% if present (5.5pp gap). Use block-level indicator (MG43).,Vesta-engineered feature (masked: ranking/counting/entity relations),numeric (count/flag-like),V253
ieee,V255,V,double,449124,76.0531039387679,46,0.0,87.0,0.8066555410986027,1.0,0.9391209311376704,1.0,75.75380437857102,MG30,2.15552943062495,7.765740793121005,0.5075820315147715,2_KEEP_MISSING_INDICATOR,76.1% null; fraud rate 2.16% if null vs 7.77% if present (5.6pp gap). Use block-level indicator (MG30).,Vesta-engineered feature (masked: ranking/counting/entity relations),numeric (count/flag-like),
ieee,V256,V,double,449124,76.0531039387679,48,0.0,87.0,0.8149502177971375,1.0,0.9699493979866836,1.0,75.43064434010296,MG30,2.15552943062495,7.765740793121005,0.5133109061114149,2_KEEP_MISSING_INDICATOR,76.1% null; fraud rate 2.16% if null vs 7.77% if present (5.6pp gap). Use block-level indicator (MG30).,Vesta-engineered feature (masked: ranking/counting/entity relations),numeric (count/flag-like),
ieee,V257,V,double,460110,77.91343516103905,49,0.0,48.0,1.250992869738557,1.0,1.2999514803588024,1.0,88.81008970328912,MG43,2.2757601443133164,7.814153185616806,0.7279114420841365,2_KEEP_MISSING_INDICATOR,77.9% null; fraud rate 2.28% if null vs 7.81% if present (5.5pp gap). Use block-level indicator (MG43).,Vesta-engineered feature (masked: ranking/counting/entity relations),numeric (count/flag-like),
ieee,V258,V,double,460110,77.91343516103905,67,0.0,66.0,1.3435099286973855,1.0,2.0158031275734065,1.0,86.60047535076286,MG43,2.2757601443133164,7.814153185616806,0.745288719611781,2_KEEP_MISSING_INDICATOR,77.9% null; fraud rate 2.28% if null vs 7.81% if present (5.5pp gap). Use block-level indicator (MG43).,Vesta-engineered feature (masked: ranking/counting/entity relations),numeric (count/flag-like),
ieee,V259,V,double,449124,76.0531039387679,68,0.0,285.0,0.9678324942015047,1.0,2.1134398580790026,1.0,68.92642982406517,MG30,2.15552943062495,7.765740793121005,0.5966941296244997,2_KEEP_MISSING_INDICATOR,76.1% null; fraud rate 2.16% if null vs 7.77% if present (5.6pp gap). Use block-level indicator (MG30).,Vesta-engineered feature (masked: ranking/counting/entity relations),numeric (count/flag-like),
ieee,V260,V,double,460110,77.91343516103905,9,0.0,8.0,0.964425362263283,1.0,0.3798268659051667,1.0,89.12980142605228,MG43,2.2757601443133164,7.814153185616806,0.5534370755654346,2_KEEP_MISSING_INDICATOR,77.9% null; fraud rate 2.28% if null vs 7.81% if present (5.5pp gap). Use block-level indicator (MG43).,Vesta-engineered feature (masked: ranking/counting/entity relations),numeric (count/flag-like),
ieee,V261,V,double,460110,77.91343516103905,41,0.0,49.0,1.1071609292340718,1.0,1.3232254117272335,1.0,84.76577474507398,MG43,2.2757601443133164,7.814153185616806,0.5920145842254567,2_KEEP_MISSING_INDICATOR,77.9% null; fraud rate 2.28% if null vs 7.81% if present (5.5pp gap). Use block-level indicator (MG43).,Vesta-engineered feature (masked: ranking/counting/entity relations),numeric (count/flag-like),
ieee,V262,V,double,460110,77.91343516103905,21,0.0,20.0,1.0132791535689645,1.0,0.6254523809780466,1.0,87.17549643486927,MG43,2.2757601443133164,7.814153185616806,0.5806634137721306,2_KEEP_MISSING_INDICATOR,77.9% null; fraud rate 2.28% if null vs 7.81% if present (5.5pp gap). Use block-level indicator (MG43).,Vesta-engineered feature (masked: ranking/counting/entity relations),numeric (count/flag-like),
ieee,V263,V,double,460110,77.91343516103905,10422,0.0,153600.0,117.39067638525977,0.0,1294.8465793748803,0.0,75.35459633519896,MG43,2.2757601443133164,7.814153185616806,0.709277037975937,2_KEEP_MISSING_INDICATOR,77.9% null; fraud rate 2.28% if null vs 7.81% if present (5.5pp gap). Use block-level indicator (MG43).,Vesta-engineered feature (masked: ranking/counting/entity relations),numeric (count/flag-like),
ieee,V264,V,double,460110,77.91343516103905,13358,0.0,153600.0,201.6576173337795,0.0,2284.8187331925355,0.0,69.25860614889213,MG43,2.2757601443133164,7.814153185616806,0.7307450167091417,2_KEEP_MISSING_INDICATOR,77.9% null; fraud rate 2.28% if null vs 7.81% if present (5.5pp gap). Use block-level indicator (MG43).,Vesta-engineered feature (masked: ranking/counting/entity relations),numeric (count/flag-like),
ieee,V265,V,double,460110,77.91343516103905,11757,0.0,153600.0,153.52053442846727,0.0,1605.5061211885334,0.0,72.32768534846278,MG43,2.2757601443133164,7.814153185616806,0.7265878415906307,2_KEEP_MISSING_INDICATOR,77.9% null; fraud rate 2.28% if null vs 7.81% if present (5.5pp gap). Use block-level indicator (MG43).,Vesta-engineered feature (masked: ranking/counting/entity relations),numeric (count/flag-like),
ieee,V266,V,double,460110,77.91343516103905,2178,0.0,55125.0,9.16783868355349,0.0,208.0380656749217,0.0,92.39822126811316,MG43,2.2757601443133164,7.814153185616806,0.5039998284048255,2_KEEP_MISSING_INDICATOR,77.9% null; fraud rate 2.28% if null vs 7.81% if present (5.5pp gap). Use block-level indicator (MG43).,Vesta-engineered feature (masked: ranking/counting/entity relations),numeric (count/flag-like),
ieee,V267,V,double,460110,77.91343516103905,3616,0.0,55125.0,36.52510270804343,0.0,644.8761137691046,0.0,85.91045004983516,MG43,2.2757601443133164,7.814153185616806,0.5300114488068053,2_KEEP_MISSING_INDICATOR,77.9% null; fraud rate 2.28% if null vs 7.81% if present (5.5pp gap). Use block-level indicator (MG43).,Vesta-engineered feature (masked: ranking/counting/entity relations),numeric (count/flag-like),
ieee,V268,V,double,460110,77.91343516103905,2756,0.0,55125.0,18.81340677515849,0.0,311.2789876226764,0.0,89.1842367553477,MG43,2.2757601443133164,7.814153185616806,0.522869586306233,2_KEEP_MISSING_INDICATOR,77.9% null; fraud rate 2.28% if null vs 7.81% if present (5.5pp gap). Use block-level indicator (MG43).,Vesta-engineered feature (masked: ranking/counting/entity relations),numeric (count/flag-like),
ieee,V269,V,double,460110,77.91343516103905,151,0.0,55125.0,5.997508241968872,0.0,207.3167445473084,0.0,98.333972245649,MG43,2.2757601443133164,7.814153185616806,0.4972919458204075,2_KEEP_MISSING_INDICATOR,77.9% null; fraud rate 2.28% if null vs 7.81% if present (5.5pp gap). Use block-level indicator (MG43).,Vesta-engineered feature (masked: ranking/counting/entity relations),numeric (count/flag-like),V266
ieee,V270,V,double,449124,76.0531039387679,2340,0.0,4000.0,7.712763702852514,0.0,65.50699997988167,0.0,90.9614187927816,MG30,2.15552943062495,7.765740793121005,0.5284283042582855,2_KEEP_MISSING_INDICATOR,76.1% null; fraud rate 2.16% if null vs 7.77% if present (5.6pp gap). Use block-level indicator (MG30).,Vesta-engineered feature (masked: ranking/counting/entity relations),numeric (count/flag-like),
ieee,V271,V,double,449124,76.0531039387679,2787,0.0,4000.0,9.445132757467784,0.0,74.14746337992301,0.0,90.5597669287775,MG30,2.15552943062495,7.765740793121005,0.5310853706620449,2_KEEP_MISSING_INDICATOR,76.1% null; fraud rate 2.16% if null vs 7.77% if present (5.6pp gap). Use block-level indicator (MG30).,Vesta-engineered feature (masked: ranking/counting/entity relations),numeric (count/flag-like),
ieee,V272,V,double,449124,76.0531039387679,2507,0.0,4000.0,8.464571089970137,0.0,69.72348834244306,0.0,90.82140634723086,MG30,2.15552943062495,7.765740793121005,0.5301395016802081,2_KEEP_MISSING_INDICATOR,76.1% null; fraud rate 2.16% if null vs 7.77% if present (5.6pp gap). Use block-level indicator (MG30).,Vesta-engineered feature (masked: ranking/counting/entity relations),numeric (count/flag-like),
ieee,V273,V,double,460110,77.91343516103905,7177,0.0,51200.0,73.82554901333562,0.0,935.1843423350872,0.0,86.54834010580387,MG43,2.2757601443133164,7.814153185616806,0.6890380940536748,2_KEEP_MISSING_INDICATOR,77.9% null; fraud rate 2.28% if null vs 7.81% if present (5.5pp gap). Use block-level indicator (MG43).,Vesta-engineered feature (masked: ranking/counting/entity relations),numeric (count/flag-like),
ieee,V274,V,double,460110,77.91343516103905,8315,0.0,66000.0,107.15163631434068,0.0,1258.7293137843822,0.0,84.80947634746607,MG43,2.2757601443133164,7.814153185616806,0.7106378834940477,2_KEEP_MISSING_INDICATOR,77.9% null; fraud rate 2.28% if null vs 7.81% if present (5.5pp gap). Use block-level indicator (MG43).,Vesta-engineered feature (masked: ranking/counting/entity relations),numeric (count/flag-like),
ieee,V275,V,double,460110,77.91343516103905,7776,0.0,51200.0,88.8999387265088,0.0,1072.8790258053075,0.0,85.68274170052902,MG43,2.2757601443133164,7.814153185616806,0.70199954091575,2_KEEP_MISSING_INDICATOR,77.9% null; fraud rate 2.28% if null vs 7.81% if present (5.5pp gap). Use block-level indicator (MG43).,Vesta-engineered feature (masked: ranking/counting/entity relations),numeric (count/flag-like),
ieee,V276,V,double,460110,77.91343516103905,2263,0.0,104060.0,31.79727663960476,0.0,615.6573537224565,0.0,90.25837614045848,MG43,2.2757601443133164,7.814153185616806,0.5645890413402481,2_KEEP_MISSING_INDICATOR,77.9% null; fraud rate 2.28% if null vs 7.81% if present (5.5pp gap). Use block-level indicator (MG43).,Vesta-engineered feature (masked: ranking/counting/entity relations),numeric (count/flag-like),
ieee,V277,V,double,460110,77.91343516103905,2540,0.0,104060.0,51.95664508171191,0.0,732.1425615652249,0.0,88.60384880778962,MG43,2.2757601443133164,7.814153185616806,0.5883035578663803,2_KEEP_MISSING_INDICATOR,77.9% null; fraud rate 2.28% if null vs 7.81% if present (5.5pp gap). Use block-level indicator (MG43).,Vesta-engineered feature (masked: ranking/counting/entity relations),numeric (count/flag-like),
ieee,V278,V,double,460110,77.91343516103905,2398,0.0,104060.0,42.32822810210745,0.0,660.6092878857917,0.0,89.4801809399678,MG43,2.2757601443133164,7.814153185616806,0.5768469479051007,2_KEEP_MISSING_INDICATOR,77.9% null; fraud rate 2.28% if null vs 7.81% if present (5.5pp gap). Use block-level indicator (MG43).,Vesta-engineered feature (masked: ranking/counting/entity relations),numeric (count/flag-like),
ieee,V279,V,double,12,0.0020320384732617,881,0.0,880.0,1.123061057223366,0.0,21.02193259023719,0.0,83.343888858784,MG01,16.666666666666664,3.49873333694592,0.5805981692991536,1_KEEP_IMPUTE,Negligible sparsity; median impute (or leave NaN for tree models).,Vesta-engineered feature (masked: ranking/counting/entity relations),numeric (count/flag-like),
ieee,V280,V,double,12,0.0020320384732617,975,0.0,975.0,1.9670820011921533,0.0,27.851756381062348,0.0,71.54004551858675,MG01,16.666666666666664,3.49873333694592,0.5921683300728804,1_KEEP_IMPUTE,Negligible sparsity; median impute (or leave NaN for tree models).,Vesta-engineered feature (masked: ranking/counting/entity relations),numeric (count/flag-like),
ieee,V281,V,double,1269,0.2148880685474311,23,0.0,22.0,0.0877830404007663,0.0,0.5127473692840001,0.0,95.23648711713288,MG03,3.624901497241922,3.498729786464972,0.5404782757767891,1_KEEP_IMPUTE,Near-constant (95.24% one value) BUT minority rows n=28070 have fraud rate 9.17% (2.62x base) - keep; consider binary 'is_minority' flag.,Vesta-engineered feature (masked: ranking/counting/entity relations),numeric (count/flag-like),
ieee,V282,V,double,1269,0.2148880685474311,33,0.0,32.0,0.8171707075352427,1.0,0.921879300475037,1.0,53.702795487984304,MG03,3.624901497241922,3.498729786464972,0.6361136345039954,1_KEEP_IMPUTE,Negligible sparsity; median impute (or leave NaN for tree models).,Vesta-engineered feature (masked: ranking/counting/entity relations),numeric (count/flag-like),
ieee,V283,V,double,1269,0.2148880685474311,62,0.0,68.0,0.9911144447970458,1.0,1.5587297531928288,1.0,48.29679383509455,MG03,3.624901497241922,3.498729786464972,0.6463597709938306,1_KEEP_IMPUTE,Negligible sparsity; median impute (or leave NaN for tree models).,Vesta-engineered feature (masked: ranking/counting/entity relations),numeric (count/flag-like),
ieee,V284,V,double,12,0.0020320384732617,13,0.0,12.0,0.0885427955998699,0.0,0.3384232903485195,0.0,92.38376503739026,MG01,16.666666666666664,3.49873333694592,0.5266514379012818,1_KEEP_IMPUTE,Negligible sparsity; median impute (or leave NaN for tree models).,Vesta-engineered feature (masked: ranking/counting/entity relations),numeric (count/flag-like),
ieee,V285,V,double,12,0.0020320384732617,96,0.0,95.0,1.1676601278855532,0.0,3.28245086675469,0.0,60.08436517828113,MG01,16.666666666666664,3.49873333694592,0.4743007747255638,1_KEEP_IMPUTE,Negligible sparsity; median impute (or leave NaN for tree models).,Vesta-engineered feature (masked: ranking/counting/entity relations),numeric (count/flag-like),
ieee,V286,V,double,12,0.0020320384732617,9,0.0,8.0,0.0314921561721036,0.0,0.1909392070409982,0.0,97.08091741627833,MG01,16.666666666666664,3.49873333694592,0.5020083782181884,1_KEEP_IMPUTE,Near-constant (97.08% one value) BUT minority rows n=17238 have fraud rate 3.96% (1.13x base) - keep; consider binary 'is_minority' flag.,Vesta-engineered feature (masked: ranking/counting/entity relations),numeric (count/flag-like),
ieee,V287,V,double,12,0.0020320384732617,32,0.0,31.0,0.3585791020916874,0.0,1.0789941988776866,0.0,79.05857131245259,MG01,16.666666666666664,3.49873333694592,0.5361680787884868,1_KEEP_IMPUTE,Negligible sparsity; median impute (or leave NaN for tree models).,Vesta-engineered feature (masked: ranking/counting/entity relations),numeric (count/flag-like),
ieee,V288,V,double,1269,0.2148880685474311,11,0.0,10.0,0.184349815280236,0.0,0.4309884645645143,0.0,83.09266873815274,MG03,3.624901497241922,3.498729786464972,0.5317224630363365,1_KEEP_IMPUTE,Negligible sparsity; median impute (or leave NaN for tree models).,Vesta-engineered feature (masked: ranking/counting/entity relations),numeric (count/flag-like),
ieee,V289,V,double,1269,0.2148880685474311,13,0.0,12.0,0.2359746194874684,0.0,0.599230847134235,0.0,82.65687603835926,MG03,3.624901497241922,3.498729786464972,0.5343792682810392,1_KEEP_IMPUTE,Negligible sparsity; median impute (or leave NaN for tree models).,Vesta-engineered feature (masked: ranking/counting/entity relations),numeric (count/flag-like),
ieee,V290,V,double,12,0.0020320384732617,58,1.0,67.0,1.1030112035331094,1.0,0.7688959412156408,1.0,93.45297767421695,MG01,16.666666666666664,3.49873333694592,0.5439933000526569,1_KEEP_IMPUTE,Negligible sparsity; median impute (or leave NaN for tree models).,Vesta-engineered feature (masked: ranking/counting/entity relations),numeric (count/flag-like),
ieee,V291,V,double,12,0.0020320384732617,219,1.0,1055.0,1.6598112197897474,1.0,16.252524279336907,1.0,78.39238782919692,MG01,16.666666666666664,3.49873333694592,0.5571824885774057,1_KEEP_IMPUTE,Negligible sparsity; median impute (or leave NaN for tree models).,Vesta-engineered feature (masked: ranking/counting/entity relations),numeric (count/flag-like),
ieee,V292,V,double,12,0.0020320384732617,173,1.0,323.0,1.239915804161699,1.0,3.775046510702898,1.0,88.42104015389617,MG01,16.666666666666664,3.49873333694592,0.5651245428566521,1_KEEP_IMPUTE,Negligible sparsity; median impute (or leave NaN for tree models).,Vesta-engineered feature (masked: ranking/counting/entity relations),numeric (count/flag-like),
ieee,V293,V,double,12,0.0020320384732617,870,0.0,869.0,0.9425988268126152,0.0,20.588798863197773,0.0,92.53447762002818,MG01,16.666666666666664,3.49873333694592,0.5663472666543165,1_KEEP_IMPUTE,Negligible sparsity; median impute (or leave NaN for tree models).,Vesta-engineered feature (masked: ranking/counting/entity relations),numeric (count/flag-like),V279
ieee,V294,V,double,12,0.0020320384732617,1286,0.0,1286.0,2.3138631868429607,0.0,39.52643477196164,0.0,87.95738728730899,MG01,16.666666666666664,3.49873333694592,0.6046762519123173,1_KEEP_IMPUTE,Negligible sparsity; median impute (or leave NaN for tree models).,Vesta-engineered feature (masked: ranking/counting/entity relations),numeric (count/flag-like),
ieee,V295,V,double,12,0.0020320384732617,928,0.0,928.0,1.4334239866695568,0.0,25.962925775564457,0.0,90.60942072179472,MG01,16.666666666666664,3.49873333694592,0.5919063317534271,1_KEEP_IMPUTE,Negligible sparsity; median impute (or leave NaN for tree models).,Vesta-engineered feature (masked: ranking/counting/entity relations),numeric (count/flag-like),V280
ieee,V296,V,double,1269,0.2148880685474311,94,0.0,93.0,0.3289165765836092,0.0,3.264741829358911,0.0,91.07643172665888,MG03,3.624901497241922,3.498729786464972,0.5173163563909815,1_KEEP_IMPUTE,Negligible sparsity; median impute (or leave NaN for tree models).,Vesta-engineered feature (masked: ranking/counting/entity relations),numeric (count/flag-like),
ieee,V297,V,double,12,0.0020320384732617,13,0.0,12.0,0.0890338815432968,0.0,0.6283518897402741,0.0,95.29438062208736,MG01,16.666666666666664,3.49873333694592,0.5078338122536596,1_KEEP_IMPUTE,Near-constant (95.29% one value) BUT minority rows n=27788 have fraud rate 4.63% (1.32x base) - keep; consider binary 'is_minority' flag.,Vesta-engineered feature (masked: ranking/counting/entity relations),numeric (count/flag-like),
ieee,V298,V,double,12,0.0020320384732617,94,0.0,93.0,0.298829183374878,0.0,3.175059252572293,0.0,91.93332068928146,MG01,16.666666666666664,3.49873333694592,0.5184140134864689,1_KEEP_IMPUTE,Negligible sparsity; median impute (or leave NaN for tree models).,Vesta-engineered feature (masked: ranking/counting/entity relations),numeric (count/flag-like),
ieee,V299,V,double,12,0.0020320384732617,50,0.0,49.0,0.1716548580253603,0.0,1.7242169227916293,0.0,94.0902040208085,MG01,16.666666666666664,3.49873333694592,0.5151308778073979,1_KEEP_IMPUTE,Negligible sparsity; median impute (or leave NaN for tree models).,Vesta-engineered feature (masked: ranking/counting/entity relations),numeric (count/flag-like),
ieee,V300,V,double,1269,0.2148880685474311,12,0.0,11.0,0.0455070756918293,0.0,0.2895724801031623,0.0,96.64857086128454,MG03,3.624901497241922,3.498729786464972,0.5126287617974046,1_KEEP_IMPUTE,Near-constant (96.65% one value) BUT minority rows n=19749 have fraud rate 6.04% (1.72x base) - keep; consider binary 'is_minority' flag.,Vesta-engineered feature (masked: ranking/counting/entity relations),numeric (count/flag-like),
ieee,V301,V,double,1269,0.2148880685474311,14,0.0,13.0,0.0520015408869603,0.0,0.3183095705068,0.0,96.2899922107146,MG03,3.624901497241922,3.498729786464972,0.5169524340939201,1_KEEP_IMPUTE,Near-constant (96.29% one value) BUT minority rows n=21862 have fraud rate 6.58% (1.88x base) - keep; consider binary 'is_minority' flag.,Vesta-engineered feature (masked: ranking/counting/entity relations),numeric (count/flag-like),
ieee,V302,V,double,12,0.0020320384732617,17,0.0,16.0,0.2517611357971172,0.0,0.4818881617647817,0.0,76.23533515768939,MG01,16.666666666666664,3.49873333694592,0.6579991076757015,1_KEEP_IMPUTE,Negligible sparsity; median impute (or leave NaN for tree models).,Vesta-engineered feature (masked: ranking/counting/entity relations),numeric (count/flag-like),
ieee,V303,V,double,12,0.0020320384732617,21,0.0,20.0,0.2831398341822911,0.0,0.6236077663596808,0.0,76.1181518911889,MG01,16.666666666666664,3.49873333694592,0.6625535454119112,1_KEEP_IMPUTE,Negligible sparsity; median impute (or leave NaN for tree models).,Vesta-engineered feature (masked: ranking/counting/entity relations),numeric (count/flag-like),
ieee,V304,V,double,12,0.0020320384732617,17,0.0,16.0,0.2642076243632816,0.0,0.5282373434753563,0.0,76.17420342473177,MG01,16.666666666666664,3.49873333694592,0.6603769067228861,1_KEEP_IMPUTE,Negligible sparsity; median impute (or leave NaN for tree models).,Vesta-engineered feature (masked: ranking/counting/entity relations),numeric (count/flag-like),
ieee,V305,V,double,12,0.0020320384732617,2,1.0,2.0,1.0000067735992195,1.0,0.0026026051060495,1.0,99.99932264007803,MG01,16.666666666666664,3.49873333694592,0.4999964904091656,4_DROP_LOW_INFO,Near-constant (99.999% one value); only 4 minority rows. Null rate <1% so no missingness signal either.,Vesta-engineered feature (masked: ranking/counting/entity relations),numeric (count/flag-like),
ieee,V306,V,double,12,0.0020320384732617,16210,0.0,108800.0,139.74871315377402,0.0,2348.8476456107737,0.0,83.343888858784,MG01,16.666666666666664,3.49873333694592,0.5808351710628143,1_KEEP_IMPUTE,Negligible sparsity; median impute (or leave NaN for tree models).,Vesta-engineered feature (masked: ranking/counting/entity relations),numeric (count/flag-like),V279
ieee,V307,V,double,12,0.0020320384732617,37367,0.0,145765.0,408.6823745201255,0.0,4391.989258383032,0.0,53.62150482280264,MG01,16.666666666666664,3.49873333694592,0.5419053459263313,1_KEEP_IMPUTE,Negligible sparsity; median impute (or leave NaN for tree models).,Vesta-engineered feature (masked: ranking/counting/entity relations),numeric (count/flag-like),
ieee,V308,V,double,12,0.0020320384732617,23064,0.0,108800.0,230.4131797010984,0.0,3021.9216881249204,0.0,71.54004551858675,MG01,16.666666666666664,3.49873333694592,0.5918469358651883,1_KEEP_IMPUTE,Negligible sparsity; median impute (or leave NaN for tree models).,Vesta-engineered feature (masked: ranking/counting/entity relations),numeric (count/flag-like),V280
ieee,V309,V,double,12,0.0020320384732617,4236,0.0,55125.0,10.99598649374687,0.0,116.25417889932832,0.0,92.38376503739026,MG01,16.666666666666664,3.49873333694592,0.527338861573515,1_KEEP_IMPUTE,Negligible sparsity; median impute (or leave NaN for tree models).,Vesta-engineered feature (masked: ranking/counting/entity relations),numeric (count/flag-like),
ieee,V310,V,double,12,0.0020320384732617,19136,0.0,55125.0,118.19565806086852,0.0,352.9827941417634,0.0,60.08436517828113,MG01,16.666666666666664,3.49873333694592,0.4811069397223562,1_KEEP_IMPUTE,Negligible sparsity; median impute (or leave NaN for tree models).,Vesta-engineered feature (masked: ranking/counting/entity relations),numeric (count/flag-like),
ieee,V311,V,double,12,0.0020320384732617,3098,0.0,55125.0,4.202174910781028,0.0,102.37485163316872,0.0,97.08091741627833,MG01,16.666666666666664,3.49873333694592,0.5020646234413676,1_KEEP_IMPUTE,Near-constant (97.08% one value) BUT minority rows n=17238 have fraud rate 3.96% (1.13x base) - keep; consider binary 'is_minority' flag.,Vesta-engineered feature (masked: ranking/counting/entity relations),numeric (count/flag-like),
ieee,V312,V,double,12,0.0020320384732617,8068,0.0,55125.0,39.17391016627399,0.0,172.1281934783839,0.0,79.05857131245259,MG01,16.666666666666664,3.49873333694592,0.5389202164828587,1_KEEP_IMPUTE,Negligible sparsity; median impute (or leave NaN for tree models).,Vesta-engineered feature (masked: ranking/counting/entity relations),numeric (count/flag-like),
ieee,V313,V,double,1269,0.2148880685474311,5529,0.0,4817.47021484375,21.351473287057324,0.0,95.90288856856893,0.0,83.09266873815274,MG03,3.624901497241922,3.498729786464972,0.5340995647313096,1_KEEP_IMPUTE,Negligible sparsity; median impute (or leave NaN for tree models).,Vesta-engineered feature (masked: ranking/counting/entity relations),numeric (count/flag-like),
ieee,V314,V,double,1269,0.2148880685474311,11377,0.0,7519.8701171875,43.31917429793924,0.0,173.61888068527583,0.0,80.31499938059059,MG03,3.624901497241922,3.498729786464972,0.5308899239410082,1_KEEP_IMPUTE,Negligible sparsity; median impute (or leave NaN for tree models).,Vesta-engineered feature (masked: ranking/counting/entity relations),numeric (count/flag-like),
ieee,V315,V,double,1269,0.2148880685474311,6973,0.0,4817.47021484375,26.80697717299817,0.0,116.85312266894135,0.0,82.65687603835926,MG03,3.624901497241922,3.498729786464972,0.5361188737667796,1_KEEP_IMPUTE,Negligible sparsity; median impute (or leave NaN for tree models).,Vesta-engineered feature (masked: ranking/counting/entity relations),numeric (count/flag-like),
ieee,V316,V,double,12,0.0020320384732617,9814,0.0,93736.0,109.8185442543135,0.0,2270.0312797325546,0.0,92.53447762002818,MG01,16.666666666666664,3.49873333694592,0.5666014787644928,1_KEEP_IMPUTE,Negligible sparsity; median impute (or leave NaN for tree models).,Vesta-engineered feature (masked: ranking/counting/entity relations),numeric (count/flag-like),V279
ieee,V317,V,double,12,0.0020320384732617,15184,0.0,134021.0,247.60674127291549,0.0,3980.039458109752,0.0,87.95738728730899,MG01,16.666666666666664,3.49873333694592,0.6043901743107033,1_KEEP_IMPUTE,Negligible sparsity; median impute (or leave NaN for tree models).,Vesta-engineered feature (masked: ranking/counting/entity relations),numeric (count/flag-like),V294
ieee,V318,V,double,12,0.0020320384732617,12309,0.0,98476.0,162.1533977723826,0.0,2793.34127080646,0.0,90.60942072179472,MG01,16.666666666666664,3.49873333694592,0.5919308305608753,1_KEEP_IMPUTE,Negligible sparsity; median impute (or leave NaN for tree models).,Vesta-engineered feature (masked: ranking/counting/entity relations),numeric (count/flag-like),V280
ieee,V319,V,double,12,0.0020320384732617,4799,0.0,104060.0,18.372475611291428,0.0,332.3045665815968,0.0,95.29438062208736,MG01,16.666666666666664,3.49873333694592,0.5078762267315934,1_KEEP_IMPUTE,Near-constant (95.29% one value) BUT minority rows n=27788 have fraud rate 4.63% (1.32x base) - keep; consider binary 'is_minority' flag.,Vesta-engineered feature (masked: ranking/counting/entity relations),numeric (count/flag-like),
ieee,V320,V,double,12,0.0020320384732617,6439,0.0,104060.0,42.07313296985872,0.0,473.4989058629785,0.0,91.93332068928146,MG01,16.666666666666664,3.49873333694592,0.5185863650826359,1_KEEP_IMPUTE,Negligible sparsity; median impute (or leave NaN for tree models).,Vesta-engineered feature (masked: ranking/counting/entity relations),numeric (count/flag-like),
ieee,V321,V,double,12,0.0020320384732617,5560,0.0,104060.0,28.3265843398175,0.0,382.0528478456972,0.0,94.0902040208085,MG01,16.666666666666664,3.49873333694592,0.5152548357878751,1_KEEP_IMPUTE,Negligible sparsity; median impute (or leave NaN for tree models).,Vesta-engineered feature (masked: ranking/counting/entity relations),numeric (count/flag-like),
ieee,V322,V,double,508189,86.05496664070174,881,0.0,880.0,6.220288763949436,0.0,56.02222109351865,0.0,80.10831683889691,MG47,3.3406862407490125,4.475962647690982,0.5590270996411598,1_KEEP_IMPUTE,86.1% null; missingness weakly informative (1.1pp).,Vesta-engineered feature (masked: ranking/counting/entity relations),numeric (count/flag-like),
ieee,V323,V,double,508189,86.05496664070174,1411,0.0,1411.0,13.103775303275006,0.0,106.73916524656364,0.0,73.83759760051487,MG47,3.3406862407490125,4.475962647690982,0.5719759218530028,1_KEEP_IMPUTE,86.1% null; missingness weakly informative (1.1pp).,Vesta-engineered feature (masked: ranking/counting/entity relations),numeric (count/flag-like),
ieee,V324,V,double,508189,86.05496664070174,976,0.0,976.0,9.184612208716349,0.0,73.62744625486299,0.0,76.43501596823354,MG47,3.3406862407490125,4.475962647690982,0.5735278040333883,1_KEEP_IMPUTE,86.1% null; missingness weakly informative (1.1pp).,Vesta-engineered feature (masked: ranking/counting/entity relations),numeric (count/flag-like),V323
ieee,V325,V,double,508189,86.05496664070174,13,0.0,12.0,0.0584935216330099,0.0,0.3044128798953372,0.0,95.4305351483285,MG47,3.3406862407490125,4.475962647690982,0.5034513253399556,1_KEEP_IMPUTE,86.1% null; missingness weakly informative (1.1pp).,Vesta-engineered feature (masked: ranking/counting/entity relations),numeric (count/flag-like),
ieee,V326,V,double,508189,86.05496664070174,45,0.0,44.0,0.8510400602299911,0.0,3.95027087644815,0.0,88.24179427086496,MG47,3.3406862407490125,4.475962647690982,0.5146823489195151,1_KEEP_IMPUTE,86.1% null; missingness weakly informative (1.1pp).,Vesta-engineered feature (masked: ranking/counting/entity relations),numeric (count/flag-like),
ieee,V327,V,double,508189,86.05496664070174,19,0.0,18.0,0.2966327063423637,0.0,1.3643478253430386,0.0,91.19257811076976,MG47,3.3406862407490125,4.475962647690982,0.5139218298271561,1_KEEP_IMPUTE,86.1% null; missingness weakly informative (1.1pp).,Vesta-engineered feature (masked: ranking/counting/entity relations),numeric (count/flag-like),
ieee,V328,V,double,508189,86.05496664070174,16,0.0,15.0,0.336790081480492,0.0,1.5801348395885233,0.0,89.20838848344282,MG47,3.3406862407490125,4.475962647690982,0.5216371810805513,1_KEEP_IMPUTE,86.1% null; missingness weakly informative (1.1pp).,Vesta-engineered feature (masked: ranking/counting/entity relations),numeric (count/flag-like),
ieee,V329,V,double,508189,86.05496664070174,100,0.0,99.0,1.312843802746779,0.0,8.769030002194578,0.0,87.56906412794015,MG47,3.3406862407490125,4.475962647690982,0.5325934987609808,1_KEEP_IMPUTE,86.1% null; missingness weakly informative (1.1pp).,Vesta-engineered feature (masked: ranking/counting/entity relations),numeric (count/flag-like),
ieee,V330,V,double,508189,86.05496664070174,56,0.0,55.0,0.7758740027443504,0.0,4.727942687103891,0.0,88.40086944906558,MG47,3.3406862407490125,4.475962647690982,0.5257267996920533,1_KEEP_IMPUTE,86.1% null; missingness weakly informative (1.1pp).,Vesta-engineered feature (masked: ranking/counting/entity relations),numeric (count/flag-like),
ieee,V331,V,double,508189,86.05496664070174,1758,0.0,160000.0,721.7418829164045,0.0,6217.185834973152,0.0,80.10831683889691,MG47,3.3406862407490125,4.475962647690982,0.5602857008946672,1_KEEP_IMPUTE,86.1% null; missingness weakly informative (1.1pp).,Vesta-engineered feature (masked: ranking/counting/entity relations),numeric (count/flag-like),V322
ieee,V332,V,double,508189,86.05496664070174,2453,0.0,160000.0,1375.7836440365134,0.0,11169.207887140985,0.0,73.83759760051487,MG47,3.3406862407490125,4.475962647690982,0.5751358061801731,1_KEEP_IMPUTE,86.1% null; missingness weakly informative (1.1pp).,Vesta-engineered feature (masked: ranking/counting/entity relations),numeric (count/flag-like),V323
ieee,V333,V,double,508189,86.05496664070174,1971,0.0,160000.0,1014.622781509143,0.0,7955.687177983978,0.0,76.43501596823354,MG47,3.3406862407490125,4.475962647690982,0.5748539096139702,1_KEEP_IMPUTE,86.1% null; missingness weakly informative (1.1pp).,Vesta-engineered feature (masked: ranking/counting/entity relations),numeric (count/flag-like),V323
ieee,V334,V,double,508189,86.05496664070174,143,0.0,55125.0,9.807015093927214,0.0,243.8599099441739,0.0,95.4305351483285,MG47,3.3406862407490125,4.475962647690982,0.5037069923529583,1_KEEP_IMPUTE,86.1% null; missingness weakly informative (1.1pp).,Vesta-engineered feature (masked: ranking/counting/entity relations),numeric (count/flag-like),
ieee,V335,V,double,508189,86.05496664070174,672,0.0,55125.0,59.16454967148651,0.0,387.6271264723055,0.0,88.24179427086496,MG47,3.3406862407490125,4.475962647690982,0.5154225617060111,1_KEEP_IMPUTE,86.1% null; missingness weakly informative (1.1pp).,Vesta-engineered feature (masked: ranking/counting/entity relations),numeric (count/flag-like),
ieee,V336,V,double,508189,86.05496664070174,356,0.0,55125.0,28.53090296420337,0.0,274.57525260110924,0.0,91.19257811076976,MG47,3.3406862407490125,4.475962647690982,0.5143180476535336,1_KEEP_IMPUTE,86.1% null; missingness weakly informative (1.1pp).,Vesta-engineered feature (masked: ranking/counting/entity relations),numeric (count/flag-like),
ieee,V337,V,double,508189,86.05496664070174,254,0.0,104060.0,55.35242195053889,0.0,668.4827738410883,0.0,89.20838848344282,MG47,3.3406862407490125,4.475962647690982,0.521300676829729,1_KEEP_IMPUTE,86.1% null; missingness weakly informative (1.1pp).,Vesta-engineered feature (masked: ranking/counting/entity relations),numeric (count/flag-like),
ieee,V338,V,double,508189,86.05496664070174,380,0.0,104060.0,151.16054207051317,0.0,1095.0277382849192,0.0,87.56906412794015,MG47,3.3406862407490125,4.475962647690982,0.5320879552050066,1_KEEP_IMPUTE,86.1% null; missingness weakly informative (1.1pp).,Vesta-engineered feature (masked: ranking/counting/entity relations),numeric (count/flag-like),
ieee,V339,V,double,508189,86.05496664070174,334,0.0,104060.0,100.70088159280188,0.0,814.9417738262209,0.0,88.40086944906558,MG47,3.3406862407490125,4.475962647690982,0.5251848079034847,1_KEEP_IMPUTE,86.1% null; missingness weakly informative (1.1pp).,Vesta-engineered feature (masked: ranking/counting/entity relations),numeric (count/flag-like),
ieee,id_01,id,double,446307,75.5760829071697,77,-100.0,0.0,-10.170501896237338,-5.0,14.347899362559671,-5.0,56.97031885906832,MG29,2.093850197285725,7.847025299342036,0.3822233795244011,2_KEEP_MISSING_INDICATOR,75.6% null; fraud rate 2.09% if null vs 7.85% if present (5.8pp gap). Use block-level indicator (MG29).,Identity numeric score/delta (masked),numeric,
ieee,id_02,id,double,449668,76.14522301622245,115655,1.0,999595.0,174716.58470810382,125800.5,159651.25019908536,1102.0,0.007808507013459,MG33,2.099549000595996,7.966096882276109,0.5548534320119225,5_NEEDS_INVESTIGATION,"ID-like: 115,655 distinct in 140,872 non-null; behaves like a hashed identifier, not a magnitude",Identity attribute (masked; competition lists id_12-id_38 as categorical),categorical (numeric-coded),
ieee,id_03,id,double,524216,88.76892335828225,24,-13.0,10.0,0.0601893733791689,0.0,0.5982268295282585,0.0,96.34973765152886,MG57,2.585003128481389,10.72311682045715,0.5207695618713319,2_KEEP_MISSING_INDICATOR,88.8% null; fraud rate 2.59% if null vs 10.72% if present (8.1pp gap). Use block-level indicator (MG57).,Identity numeric score/delta (masked),numeric,
ieee,id_04,id,double,524216,88.76892335828225,15,-28.0,0.0,-0.0589379410168264,0.0,0.7010100193085238,0.0,99.1179663470237,MG57,2.585003128481389,10.72311682045715,0.4933274947801524,2_KEEP_MISSING_INDICATOR,88.8% null; fraud rate 2.59% if null vs 10.72% if present (8.1pp gap). Use block-level indicator (MG57).,Identity numeric score/delta (masked),numeric,
ieee,id_05,id,double,453675,76.82375452975243,93,-72.0,52.0,1.6155847002520731,0.0,5.2498373035031225,0.0,67.76239359953239,MG42,2.133906430815011,8.023965221203376,0.5120505051713711,2_KEEP_MISSING_INDICATOR,76.8% null; fraud rate 2.13% if null vs 8.02% if present (5.9pp gap). Use block-level indicator (MG42).,Identity numeric score/delta (masked),numeric,
ieee,id_06,id,double,453675,76.82375452975243,101,-100.0,0.0,-6.698710408066343,0.0,16.49104421520913,0.0,66.72633617067913,MG42,2.133906430815011,8.023965221203376,0.4486380497367108,2_KEEP_MISSING_INDICATOR,76.8% null; fraud rate 2.13% if null vs 8.02% if present (5.9pp gap). Use block-level indicator (MG42).,Identity numeric score/delta (masked),numeric,
ieee,id_07,id,double,585385,99.12707013919464,84,-46.0,61.0,13.285354025218234,14.0,11.383102526499018,0.0,7.934044616876819,MG67,3.4570410926142623,8.263821532492726,0.3993419883507714,5_NEEDS_INVESTIGATION,"99.1% null; AUC 0.40 on ~5.1k rows - possible real signal, tiny coverage",Identity numeric score/delta (masked),numeric,
ieee,id_08,id,double,585385,99.12707013919464,94,-100.0,0.0,-38.6003879728419,-34.0,26.082368963564523,-100.0,9.699321047526674,MG67,3.4570410926142623,8.263821532492726,0.4375367947446432,5_NEEDS_INVESTIGATION,99.1% null; AUC 0.44 on ~5.1k rows,Identity numeric score/delta (masked),numeric,
ieee,id_09,id,double,515614,87.31229044603245,46,-36.0,25.0,0.0910231428342631,0.0,0.9838350070591636,0.0,93.93001094413154,MG54,2.489459169068334,10.446307022929291,0.5231727460146134,2_KEEP_MISSING_INDICATOR,87.3% null; fraud rate 2.49% if null vs 10.45% if present (8.0pp gap). Use block-level indicator (MG54).,Identity numeric score/delta (masked),numeric,
ieee,id_10,id,double,515614,87.31229044603245,62,-100.0,0.0,-0.3011237754584523,0.0,2.789427258550834,0.0,97.26797106478392,MG54,2.489459169068334,10.446307022929291,0.5020228486718974,2_KEEP_MISSING_INDICATOR,87.3% null; fraud rate 2.49% if null vs 10.45% if present (8.0pp gap). Use block-level indicator (MG54).,Identity numeric score/delta (masked),numeric,
ieee,id_11,id,double,449562,76.12727334304196,365,90.0,100.0,99.74532471343878,100.0,1.1275979488560377,100.0,94.45587254748968,MG32,2.1009337977854,7.957269928641349,0.5019366403276925,2_KEEP_MISSING_INDICATOR,76.1% null; fraud rate 2.10% if null vs 7.96% if present (5.9pp gap). Use block-level indicator (MG32).,Identity numeric score/delta (masked),numeric,
ieee,id_12,id,string,446307,75.5760829071697,2,,,,,,NotFound,85.29601408831543,MG29,2.093850197285725,7.847025299342036,,3_KEEP_CATEGORICAL,Low-cardinality: label/one-hot; encode NaN as explicit MISSING level,Identity/device-network flag (string level),categorical-low-card,
ieee,id_13,id,double,463220,78.44007179869273,54,10.0,64.0,48.05307100219918,52.0,11.774811505161251,52.0,45.63226515865536,MG45,2.1749924441949826,8.316054037071945,0.4851147750912681,3_KEEP_CATEGORICAL,Low-cardinality: label/one-hot; encode NaN as explicit MISSING level,Identity attribute (masked; competition lists id_12-id_38 as categorical),categorical (numeric-coded),
ieee,id_14,id,double,510496,86.4456260371863,25,-660.0,720.0,-344.5071460696617,-300.0,93.69491664883635,-300.0,55.12093348658238,MG50,3.346549238387764,4.471290790065464,0.5619052225772567,3_KEEP_CATEGORICAL,Low-cardinality: label/one-hot; encode NaN as explicit MISSING level,Identity attribute (masked; competition lists id_12-id_38 as categorical),categorical (numeric-coded),
ieee,id_15,id,string,449555,76.12608798726589,3,,,,,,Found,48.039153101393765,MG31,2.100076742556528,7.959712026102067,,3_KEEP_CATEGORICAL,Low-cardinality: label/one-hot; encode NaN as explicit MISSING level,Identity/device-network flag (string level),categorical-low-card,
ieee,id_16,id,string,461200,78.09801198902699,2,,,,,,Found,51.27880006185248,MG44,2.279054640069384,7.849079944332766,,3_KEEP_CATEGORICAL,Low-cardinality: label/one-hot; encode NaN as explicit MISSING level,Identity/device-network flag (string level),categorical-low-card,
ieee,id_17,id,double,451171,76.39973583499848,104,100.0,229.0,189.45137727902187,166.0,30.37525151381917,166.0,56.419289799022735,MG38,2.131564307103072,7.925722362935804,0.6427624055154175,3_KEEP_CATEGORICAL,Low-cardinality: label/one-hot; encode NaN as explicit MISSING level,Identity attribute (masked; competition lists id_12-id_38 as categorical),categorical (numeric-coded),
ieee,id_18,id,double,545427,92.36072069631184,18,10.0,29.0,14.237337352869462,15.0,1.5612842236127051,15.0,56.50034358167269,MG61,3.103623399648349,8.279209983818411,0.5636737356566939,3_KEEP_CATEGORICAL,Low-cardinality: label/one-hot; encode NaN as explicit MISSING level,Identity attribute (masked; competition lists id_12-id_38 as categorical),categorical (numeric-coded),
ieee,id_19,id,double,451222,76.40837199850984,522,100.0,671.0,353.1281743923972,341.0,141.0948366394955,266.0,14.247261660374107,MG39,2.133096347252572,7.922881465424425,0.4567726710511009,3_KEEP_CATEGORICAL,Low-cardinality: label/one-hot; encode NaN as explicit MISSING level,Identity attribute (masked; competition lists id_12-id_38 as categorical),categorical (numeric-coded),
ieee,id_20,id,double,451279,76.41802418125783,394,100.0,661.0,403.88266636028754,472.0,152.1597809018353,507.0,16.020996546053812,MG40,2.1343780676698896,7.921097794788204,0.56858473076022,3_KEEP_CATEGORICAL,Low-cardinality: label/one-hot; encode NaN as explicit MISSING level,Identity attribute (masked; competition lists id_12-id_38 as categorical),categorical (numeric-coded),
ieee,id_21,id,double,585381,99.12639279303689,490,100.0,854.0,368.2698197325063,252.0,198.8277656799925,252.0,49.273114944756735,MG66,3.4570647151171627,8.257414227563482,0.5373285561669191,3_KEEP_CATEGORICAL,Categorical; 99% null -> missing level dominates; keep only if cheap.,Identity attribute (masked; competition lists id_12-id_38 as categorical),categorical (numeric-coded),
ieee,id_22,id,double,585371,99.1246994276425,25,10.0,44.0,16.00270845424647,14.0,6.896997505800372,14.0,91.62313793770556,MG64,3.457123772786831,8.24143934997098,0.558267978805435,5_NEEDS_INVESTIGATION,99.1% null; AUC 0.56 on ~5.1k rows,Identity attribute (masked; competition lists id_12-id_38 as categorical),categorical (numeric-coded),
ieee,id_23,id,string,585371,99.1246994276425,3,,,,,,IP_PROXY:TRANSPARENT,67.49854904236797,MG64,3.457123772786831,8.24143934997098,,3_KEEP_CATEGORICAL,Categorical; 99% null -> missing level dominates; keep only if cheap.,Identity/device-network flag (string level),categorical-low-card,
ieee,id_24,id,double,585793,99.19615944728554,12,11.0,26.0,12.80092690120076,11.0,2.372196755573382,11.0,59.34274278491679,MG69,3.458730302342296,8.468506425110595,0.473862562904694,3_KEEP_CATEGORICAL,Categorical; 99% null -> missing level dominates; keep only if cheap.,Identity attribute (masked; competition lists id_12-id_38 as categorical),categorical (numeric-coded),
ieee,id_25,id,double,585408,99.13096487960172,341,100.0,548.0,329.608924395947,321.0,97.45159290696968,321.0,48.59703819173812,MG68,3.4584426587952333,8.125487139516757,0.5311252164758119,3_KEEP_CATEGORICAL,Categorical; 99% null -> missing level dominates; keep only if cheap.,Identity attribute (masked; competition lists id_12-id_38 as categorical),categorical (numeric-coded),
ieee,id_26,id,double,585377,99.12571544687913,95,100.0,216.0,149.0703079604881,149.0,32.09888567828776,161.0,15.959713344954483,MG65,3.4572591680233424,8.231648266511717,0.5963076999478559,5_NEEDS_INVESTIGATION,99.1% null; AUC 0.60 on ~5.1k rows,Identity attribute (masked; competition lists id_12-id_38 as categorical),categorical (numeric-coded),
ieee,id_27,id,string,585371,99.1246994276425,2,,,,,,Found,99.72915457535306,MG64,3.457123772786831,8.24143934997098,,4_DROP_LOW_INFO,99.1% null and 99.7% one value (14 minority rows).,Identity/device-network flag (string level),categorical-low-card,
ieee,id_28,id,string,449562,76.12727334304196,2,,,,,,Found,54.07368525585552,MG32,2.1009337977854,7.957269928641349,,3_KEEP_CATEGORICAL,Low-cardinality: label/one-hot; encode NaN as explicit MISSING level,Identity/device-network flag (string level),categorical-low-card,
ieee,id_29,id,string,449562,76.12727334304196,2,,,,,,Found,53.14729957865767,MG32,2.1009337977854,7.957269928641349,,3_KEEP_CATEGORICAL,Low-cardinality: label/one-hot; encode NaN as explicit MISSING level,Identity/device-network flag (string level),categorical-low-card,
ieee,id_30,id,string,512975,86.86541131845429,75,,,,,,Windows 10,27.27389931025592,MG53,3.357083678541839,4.43756849094308,,3_KEEP_CATEGORICAL,High-cardinality: frequency encode / train-only target-encode; never one-hot,Identity string: OS / browser / screen resolution,categorical-high-card,
ieee,id_31,id,string,450258,76.24513157449114,130,,,,,,chrome 63.0,15.68269628320098,MG35,2.1081246751862266,7.963245462710826,,3_KEEP_CATEGORICAL,High-cardinality: frequency encode / train-only target-encode; never one-hot,Identity string: OS / browser / screen resolution,categorical-high-card,
ieee,id_32,id,double,512954,86.86185525112609,4,0.0,32.0,26.50859691181399,24.0,3.7374779388353936,24.0,68.40280462970124,MG52,3.355466572051295,4.447967416802,0.5805310829466641,3_KEEP_CATEGORICAL,Low-cardinality: label/one-hot; encode NaN as explicit MISSING level,Identity attribute (masked; competition lists id_12-id_38 as categorical),categorical (numeric-coded),
ieee,id_33,id,string,517251,87.58949436109323,260,,,,,,1920x1080,23.023919005580648,MG55,3.344604457023766,4.588683158454884,,3_KEEP_CATEGORICAL,High-cardinality: frequency encode / train-only target-encode; never one-hot,Identity string: OS / browser / screen resolution,categorical-high-card,
ieee,id_34,id,string,512735,86.82477054898906,4,,,,,,match_status:2,77.13000449842555,MG51,3.350268657298604,4.479146584409743,,3_KEEP_CATEGORICAL,Low-cardinality: label/one-hot; encode NaN as explicit MISSING level,Identity/device-network flag (string level),categorical-low-card,
ieee,id_35,id,string,449555,76.12608798726589,2,,,,,,T,55.19310564953719,MG31,2.100076742556528,7.959712026102067,,3_KEEP_CATEGORICAL,Low-cardinality: label/one-hot; encode NaN as explicit MISSING level,Identity/device-network flag (string level),categorical-low-card,
ieee,id_36,id,string,449555,76.12608798726589,2,,,,,,F,95.09238571479236,MG31,2.100076742556528,7.959712026102067,,3_KEEP_CATEGORICAL,Low-cardinality: label/one-hot; encode NaN as explicit MISSING level,Identity/device-network flag (string level),categorical-low-card,
ieee,id_37,id,string,449555,76.12608798726589,2,,,,,,T,78.34308614391603,MG31,2.100076742556528,7.959712026102067,,3_KEEP_CATEGORICAL,Low-cardinality: label/one-hot; encode NaN as explicit MISSING level,Identity/device-network flag (string level),categorical-low-card,
ieee,id_38,id,string,449555,76.12608798726589,2,,,,,,F,52.43252828315069,MG31,2.100076742556528,7.959712026102067,,3_KEEP_CATEGORICAL,Low-cardinality: label/one-hot; encode NaN as explicit MISSING level,Identity/device-network flag (string level),categorical-low-card,
ieee,DeviceType,device,string,449730,76.15572188166763,2,,,,,,desktop,60.48221007030751,MG34,2.1017054677250795,7.961792486329096,,3_KEEP_CATEGORICAL,Low-cardinality: label/one-hot; encode NaN as explicit MISSING level,Device type (desktop/mobile),categorical-low-card,
ieee,DeviceInfo,device,string,471874,79.90551021099333,1786,,,,,,Windows,40.21539446850825,MG46,2.5549193216833306,7.253130635565368,,3_KEEP_CATEGORICAL,High-cardinality: frequency encode / train-only target-encode; never one-hot,Device string (e.g. OS/build/model),categorical-high-card (normalise: prefix/brand),
